epsilon,system,class,class_idx,d_prime,beta,hit_rate,fa_rate,hits,misses,false_alarms,correct_rejections
0.0,ResNet,airplane,0,4.447367726447196,0.13957941194173162,0.9625374625374625,0.0038329074547272524,963.0,37.0,34.0,8966.0
0.0,ResNet,automobile,1,4.911411598637335,0.23113419781452466,0.9845154845154845,0.0029441173202977445,985.0,15.0,26.0,8974.0
0.0,ResNet,bird,2,4.205812919765128,0.16195767438746989,0.9525474525474525,0.005610487723586268,953.0,47.0,50.0,8950.0
0.0,ResNet,cat,3,3.6002952240804578,0.11891573360703432,0.8866133866133866,0.00838795689367848,887.0,113.0,75.0,8925.0
0.0,ResNet,deer,4,4.395376651953945,0.22630583593190615,0.9685314685314685,0.005610487723586268,969.0,31.0,50.0,8950.0
0.0,ResNet,dog,5,3.805288051124555,0.1946709777729003,0.9295704295704296,0.00983224086212643,930.0,70.0,88.0,8912.0
0.0,ResNet,frog,6,4.701956117292683,0.19663192976939878,0.9775224775224776,0.003499611154316187,978.0,22.0,31.0,8969.0
0.0,ResNet,horse,7,4.725556435288802,0.10639451144316281,0.9705294705294706,0.002277524719475614,971.0,29.0,20.0,8980.0
0.0,ResNet,ship,8,4.7846002584972,0.15681035442668226,0.9775224775224776,0.0027219197866903675,978.0,22.0,24.0,8976.0
0.0,ResNet,truck,9,4.682628613962772,0.09819943896739856,0.9675324675324676,0.002277524719475614,968.0,32.0,20.0,8980.0
0.01,ResNet,airplane,0,2.6815373473468593,0.16576644956944067,0.7487512487512488,0.02216420397733585,749.0,251.0,199.0,8801.0
0.01,ResNet,automobile,1,3.445695343847925,0.18976406763772413,0.8926073926073926,0.013720697700255528,893.0,107.0,123.0,8877.0
0.01,ResNet,bird,2,2.3654523783356614,0.22534408884286594,0.7097902097902098,0.034940562159760026,710.0,290.0,314.0,8686.0
0.01,ResNet,cat,3,1.700237973889792,0.25012715480045095,0.513986013986014,0.04793911787579158,514.0,486.0,431.0,8569.0
0.01,ResNet,deer,4,2.5095316025339294,0.22370820155762994,0.7447552447552448,0.03205199422286412,745.0,255.0,288.0,8712.0
0.01,ResNet,dog,5,2.111875170080723,0.2833679561623569,0.6768231768231768,0.04916120431063215,677.0,323.0,442.0,8558.0
0.01,ResNet,frog,6,2.8182793068157115,0.20550491881591998,0.8016983016983017,0.024386179313409622,802.0,198.0,219.0,8781.0
0.01,ResNet,horse,7,2.9600628545809853,0.11909132301069328,0.7767232767232767,0.013942895233862903,777.0,223.0,125.0,8875.0
0.01,ResNet,ship,8,3.164035062403345,0.18449957249687346,0.8526473526473527,0.01716475947116987,853.0,147.0,154.0,8846.0
0.01,ResNet,truck,9,3.112964497485815,0.16663250337393667,0.8366633366633367,0.01649816687034774,837.0,163.0,148.0,8852.0
0.05,ResNet,airplane,0,-1.190246060879077,11.034767758043122,0.004495504495504496,0.07749138984557272,4.0,996.0,697.0,8303.0
0.05,ResNet,automobile,1,0.2273531914061775,0.7331872698778646,0.10539460539460539,0.06960337740251084,105.0,895.0,626.0,8374.0
0.05,ResNet,bird,2,-1.2257897115159762,7.0997088726536655,0.013486513486513486,0.16203755138317966,13.0,987.0,1458.0,7542.0
0.05,ResNet,cat,3,-1.0422525372331415,5.109864993074421,0.01848151848151848,0.14826130429952228,18.0,982.0,1334.0,7666.0
0.05,ResNet,deer,4,-1.3247302219727224,9.823481387174647,0.008491508491508492,0.1440395511609821,8.0,992.0,1296.0,7704.0
0.05,ResNet,dog,5,-1.1188208535331177,5.812368443854348,0.016483516483516484,0.15537162537495833,16.0,984.0,1398.0,7602.0
0.05,ResNet,frog,6,-0.7516523076876542,3.558607668719357,0.01948051948051948,0.09460059993334075,19.0,981.0,851.0,8149.0
0.05,ResNet,horse,7,-0.4279675597978352,2.188384888141277,0.02047952047952048,0.05304966114876125,20.0,980.0,477.0,8523.0
0.05,ResNet,ship,8,-0.686171495103568,3.128049202078411,0.022477522477522476,0.09360071103210754,22.0,978.0,842.0,8158.0
0.05,ResNet,truck,9,-0.1673163642177775,1.2800899392010956,0.05944055944055944,0.08193534051772025,59.0,941.0,737.0,8263.0
0.1,ResNet,airplane,0,-1.7557268516837037,69.16337407036572,0.0004995004995004995,0.06238195756027108,0.0,1000.0,561.0,8439.0
0.1,ResNet,automobile,1,-0.8166680019510684,5.032790601039678,0.008491508491508492,0.05816020442173092,8.0,992.0,523.0,8477.0
0.1,ResNet,bird,2,-2.0641866536567255,54.38921741803447,0.0014985014985014985,0.18303521830907676,1.0,999.0,1647.0,7353.0
0.1,ResNet,cat,3,-1.3786832236866533,11.062881609541732,0.007492507492507493,0.1459282301966448,7.0,993.0,1313.0,7687.0
0.1,ResNet,deer,4,-2.3248674968624092,140.91937814709723,0.0004995004995004995,0.16703699588934562,0.0,1000.0,1503.0,7497.0
0.1,ResNet,dog,5,-1.893378870602716,45.93338564969342,0.0014985014985014985,0.1412620819908899,1.0,999.0,1271.0,7729.0
0.1,ResNet,frog,6,-1.6593643200977322,26.620482597044422,0.0024975024975024975,0.12548605710476612,2.0,998.0,1129.0,7871.0
0.1,ResNet,horse,7,-1.612114792418753,54.91041727031375,0.0004995004995004995,0.04660593267414732,0.0,1000.0,419.0,8581.0
0.1,ResNet,ship,8,-1.6936772231971007,36.329831477462,0.0014985014985014985,0.10126652594156205,1.0,999.0,911.0,8089.0
0.1,ResNet,truck,9,-1.8732366257917206,82.26569585822074,0.0004995004995004995,0.07815798244639484,0.0,1000.0,703.0,8297.0
0.2,ResNet,airplane,0,-1.4866994875305108,44.137279709562726,0.0004995004995004995,0.035607154760582155,0.0,1000.0,320.0,8680.0
0.2,ResNet,automobile,1,-1.233201950069619,18.17061170879058,0.0014985014985014985,0.04138429063437396,1.0,999.0,372.0,8628.0
0.2,ResNet,bird,2,-2.420383376430201,153.83628437893194,0.0004995004995004995,0.19203421842017554,0.0,1000.0,1728.0,7272.0
0.2,ResNet,cat,3,-2.1797093957672593,121.19955783524259,0.0004995004995004995,0.13326297078102434,0.0,1000.0,1199.0,7801.0
0.2,ResNet,deer,4,-2.384432641620594,149.00059791020274,0.0004995004995004995,0.18236862570825463,0.0,1000.0,1641.0,7359.0
0.2,ResNet,dog,5,-1.6227679069238257,33.10752451544942,0.0014985014985014985,0.08926785912676369,1.0,999.0,803.0,8197.0
0.2,ResNet,frog,6,-2.5878108112816594,175.49418784304714,0.0004995004995004995,0.24102877458060215,0.0,1000.0,2169.0,6831.0
0.2,ResNet,horse,7,-1.407510244252722,38.1415149550468,0.0004995004995004995,0.029830018886790356,0.0,1000.0,268.0,8732.0
0.2,ResNet,ship,8,-1.9824637025303282,95.47133967284987,0.0004995004995004995,0.09537829130096656,0.0,1000.0,858.0,8142.0
0.2,ResNet,truck,9,-1.8235927122603095,76.58093508523385,0.0004995004995004995,0.07115876013776247,0.0,1000.0,640.0,8360.0
0.3,ResNet,airplane,0,-1.2819349377073292,29.872043950525423,0.0004995004995004995,0.02227530274413954,0.0,1000.0,200.0,8800.0
0.3,ResNet,automobile,1,-1.3576464511318165,34.67960477428094,0.0004995004995004995,0.02660815464948339,0.0,1000.0,239.0,8761.0
0.3,ResNet,bird,2,-2.3239790676709,140.7984417195355,0.0004995004995004995,0.16681479835573826,0.0,1000.0,1501.0,7499.0
0.3,ResNet,cat,3,-2.116032150157185,112.69210166465146,0.0004995004995004995,0.1200422175313854,0.0,1000.0,1080.0,7920.0
0.3,ResNet,deer,4,-2.362374870235789,146.01574047401678,0.0004995004995004995,0.17659148983446285,0.0,1000.0,1589.0,7411.0
0.3,ResNet,dog,5,-1.612114792418753,54.91041727031375,0.0004995004995004995,0.04660593267414732,0.0,1000.0,419.0,8581.0
0.3,ResNet,frog,6,-3.0704275586201724,219.29648826449446,0.0004995004995004995,0.41278746805910455,0.0,1000.0,3715.0,5285.0
0.3,ResNet,horse,7,-1.1950886286184863,24.99532264471217,0.0004995004995004995,0.01805354960559938,0.0,1000.0,162.0,8838.0
0.3,ResNet,ship,8,-1.7977781623987092,73.71007265019065,0.0004995004995004995,0.06771469836684813,0.0,1000.0,609.0,8391.0
0.3,ResNet,truck,9,-1.6840118053645878,61.79432377647523,0.0004995004995004995,0.05404955004999445,0.0,1000.0,486.0,8514.0
0.0,ViT,airplane,0,5.292610126121797,0.2535985951684456,0.9915084915084915,0.0018331296522608599,992.0,8.0,16.0,8984.0
0.0,ViT,automobile,1,5.034821462243981,0.2496470451093818,0.9875124875124875,0.0026108210198866793,988.0,12.0,23.0,8977.0
0.0,ViT,bird,2,4.926072338695401,0.041869284172718624,0.9655344655344655,0.0009443395178313521,966.0,34.0,8.0,8992.0
0.0,ViT,cat,3,4.203669880082619,0.1855810479199153,0.9555444555444556,0.006165981557604711,956.0,44.0,55.0,8945.0
0.0,ViT,deer,4,4.8610511313684786,0.1386888749566738,0.9785214785214785,0.002277524719475614,979.0,21.0,20.0,8980.0
0.0,ViT,dog,5,4.372300584868844,0.13849620705811244,0.9585414585414586,0.004166203755138318,959.0,41.0,37.0,8963.0
0.0,ViT,frog,6,5.468093285703663,0.3519035967785109,0.9945054945054945,0.0017220308854571714,995.0,5.0,15.0,8985.0
0.0,ViT,horse,7,5.070952156560054,0.16814572470261516,0.9855144855144855,0.0019442284190645484,986.0,14.0,17.0,8983.0
0.0,ViT,ship,8,5.145285525708154,0.2567118735931756,0.9895104895104895,0.002277524719475614,990.0,10.0,20.0,8980.0
0.0,ViT,truck,9,4.933807908192958,0.04997941042495309,0.9685314685314685,0.0010554382846350405,969.0,31.0,9.0,8991.0
0.01,ViT,airplane,0,1.966729471316752,0.3487353185261133,0.6728271728271729,0.06438173536273747,673.0,327.0,579.0,8421.0
0.01,ViT,automobile,1,2.6382614908092332,0.16117600717253536,0.7347652347652348,0.02216420397733585,735.0,265.0,199.0,8801.0
0.01,ViT,bird,2,1.513026949630885,0.3293866065873967,0.508991008991009,0.06804799466725919,509.0,491.0,612.0,8388.0
0.01,ViT,cat,3,0.8121567515964483,0.4438366003427828,0.2762237762237762,0.07982446394845018,276.0,724.0,718.0,8282.0
0.01,ViT,deer,4,1.5788626540207467,0.25840319580181054,0.47302697302697305,0.04982779691145428,473.0,527.0,448.0,8552.0
0.01,ViT,dog,5,1.3318403174642965,0.36040498689126793,0.46003996003996006,0.07604710587712477,460.0,540.0,684.0,8316.0
0.01,ViT,frog,6,1.9184165508371125,0.20203136459592272,0.5499500499500499,0.036495944895011664,550.0,450.0,328.0,8672.0
0.01,ViT,horse,7,2.140356908975198,0.18596788243368698,0.6118881118881119,0.03171869792245306,612.0,388.0,285.0,8715.0
0.01,ViT,ship,8,2.026528695548843,0.2566318985957067,0.6338661338661339,0.046050438840128875,634.0,366.0,414.0,8586.0
0.01,ViT,truck,9,2.2166140916786223,0.14597789856738452,0.5949050949050949,0.024052883012998554,595.0,405.0,216.0,8784.0
0.05,ViT,airplane,0,-0.13046192757769814,1.1707553053762987,0.10139860139860139,0.12648594600599933,101.0,899.0,1138.0,7862.0
0.05,ViT,automobile,1,1.0408911578090128,0.27355884773857597,0.23426573426573427,0.03871792023108544,234.0,766.0,348.0,8652.0
0.05,ViT,bird,2,-0.45140722901906105,1.6048626882818156,0.10139860139860139,0.20547716920342185,101.0,899.0,1849.0,7151.0
0.05,ViT,cat,3,-0.7528229569535692,3.1948168877844054,0.027472527472527472,0.12170869903344073,27.0,973.0,1095.0,7905.0
0.05,ViT,deer,4,0.18444853571256892,0.7896484659183558,0.11738261738261738,0.08493500722141985,117.0,883.0,764.0,8236.0
0.05,ViT,dog,5,-0.6593393534262664,2.524224695579191,0.041458541458541456,0.1412620819908899,41.0,959.0,1271.0,7729.0
0.05,ViT,frog,6,0.3522050183778582,0.6094750546563125,0.10939060939060939,0.05682701922008666,109.0,891.0,511.0,8489.0
0.05,ViT,horse,7,0.35978591716877273,0.606772851104372,0.11338661338661339,0.058382401955338295,113.0,887.0,525.0,8475.0
0.05,ViT,ship,8,-1.2764927938283912,9.321908340653666,0.008491508491508492,0.13337406954782802,8.0,992.0,1200.0,7800.0
0.05,ViT,truck,9,-0.20993959321915567,1.4542080682650362,0.029470529470529472,0.04660593267414732,29.0,971.0,419.0,8581.0
0.1,ViT,airplane,0,-0.5676790631083264,2.249451086519563,0.043456543456543456,0.12626374847239197,43.0,957.0,1136.0,7864.0
0.1,ViT,automobile,1,0.5702337015404608,0.44152768291034783,0.12537462537462538,0.04282857460282191,125.0,875.0,385.0,8615.0
0.1,ViT,bird,2,-1.1580010615269747,4.80980734254998,0.026473526473526472,0.21847572491945338,26.0,974.0,1966.0,7034.0
0.1,ViT,cat,3,-1.6926360256502502,27.641632788690366,0.0024975024975024975,0.13248527941339852,2.0,998.0,1192.0,7808.0
0.1,ViT,deer,4,-0.8142552307967525,4.158796663710733,0.015484515484515484,0.08960115542717476,15.0,985.0,806.0,8194.0
0.1,ViT,dog,5,-1.794622583669626,30.809061963823595,0.0024975024975024975,0.15559382290856572,2.0,998.0,1400.0,7600.0
0.1,ViT,frog,6,-0.4029798790526429,2.011160117101804,0.026473526473526472,0.06271525386068215,26.0,974.0,564.0,8436.0
0.1,ViT,horse,7,-0.36431870009011913,1.8620912077844816,0.029470529470529472,0.06371514276191534,29.0,971.0,573.0,8427.0
0.1,ViT,ship,8,-2.2111671754539235,125.44862624654388,0.0004995004995004995,0.14015109432285303,0.0,1000.0,1261.0,7739.0
0.1,ViT,truck,9,-0.6520358051834454,3.642095522007432,0.01048951048951049,0.048827908010221084,10.0,990.0,439.0,8561.0
0.2,ViT,airplane,0,-0.936025078149711,4.547774193612704,0.01848151848151848,0.12504166203755138,18.0,982.0,1125.0,7875.0
0.2,ViT,automobile,1,0.12169903924963998,0.8166759514227208,0.05444555444555445,0.04227308076880346,54.0,946.0,380.0,8620.0
0.2,ViT,bird,2,-1.5711864211948183,11.606187998420012,0.00949050949050949,0.2192534162870792,9.0,991.0,1973.0,7027.0
0.2,ViT,cat,3,-2.2171333451313977,126.25704195356154,0.0004995004995004995,0.14148427952449727,0.0,1000.0,1273.0,7727.0
0.2,ViT,deer,4,-1.2794063957446906,12.476857892357843,0.004495504495504496,0.09126763692923008,4.0,996.0,821.0,8179.0
0.2,ViT,dog,5,-1.8316002286052036,31.96283045893026,0.0024975024975024975,0.1645928230196645,2.0,998.0,1481.0,7519.0
0.2,ViT,frog,6,-0.8680790728967116,5.448767239582255,0.008491508491508492,0.06438173536273747,8.0,992.0,579.0,8421.0
0.2,ViT,horse,7,-0.6786337395447131,3.5637147725576854,0.013486513486513486,0.06260415509387846,13.0,987.0,563.0,8437.0
0.2,ViT,ship,8,-2.2111671754539235,125.44862624654388,0.0004995004995004995,0.14015109432285303,0.0,1000.0,1261.0,7739.0
0.2,ViT,truck,9,-0.9483357901035383,7.597035233010017,0.004495504495504496,0.04805021664259527,4.0,996.0,432.0,8568.0
0.3,ViT,airplane,0,-1.3782086294578506,12.872860810072124,0.005494505494505495,0.1220419953338518,5.0,995.0,1098.0,7902.0
0.3,ViT,automobile,1,-0.0679009719589938,1.1309069097818867,0.032467532467532464,0.03771803132985224,32.0,968.0,339.0,8661.0
0.3,ViT,bird,2,-1.694661680186365,16.01959598565396,0.006493506493506494,0.21492056438173537,6.0,994.0,1934.0,7066.0
0.3,ViT,cat,3,-2.245927445548616,130.16733147539082,0.0004995004995004995,0.1480391067659149,0.0,1000.0,1332.0,7668.0
0.3,ViT,deer,4,-1.6517953496731077,34.41144612996937,0.0014985014985014985,0.0940451060993223,1.0,999.0,846.0,8154.0
0.3,ViT,dog,5,-1.8365194517053705,32.116230939715216,0.0024975024975024975,0.16581490945450506,2.0,998.0,1492.0,7508.0
0.3,ViT,frog,6,-1.1178293600124805,9.188223020377938,0.005494505494505495,0.07704699477835796,5.0,995.0,693.0,8307.0
0.3,ViT,horse,7,-0.9012687039447473,5.967993064479054,0.007492507492507493,0.06282635262748583,7.0,993.0,565.0,8435.0
0.3,ViT,ship,8,-2.1965878283564875,123.47634339479825,0.0004995004995004995,0.13692923008554606,0.0,1000.0,1232.0,7768.0
0.3,ViT,truck,9,-1.6029280197599935,54.067815966562954,0.0004995004995004995,0.04571714253971781,0.0,1000.0,411.0,8589.0
0.0,EfficientNet,airplane,0,4.71081721156437,0.11911186466791056,0.9715284715284715,0.002499722253082991,972.0,28.0,22.0,8978.0
0.0,EfficientNet,automobile,1,4.8224241472501115,0.10078188432209734,0.9735264735264735,0.0019442284190645484,974.0,26.0,17.0,8983.0
0.0,EfficientNet,bird,2,4.492388506460142,0.13836886552045716,0.9645354645354646,0.0036107099211198754,965.0,35.0,32.0,8968.0
0.0,EfficientNet,cat,3,3.8967027753366494,0.13609767568434258,0.9245754245754245,0.00694367292523053,925.0,75.0,62.0,8938.0
0.0,EfficientNet,deer,4,4.4993192647544324,0.1034234285090225,0.9595404595404595,0.0029441173202977445,960.0,40.0,26.0,8974.0
0.0,EfficientNet,dog,5,4.093831802721139,0.1313603696486667,0.9395604395604396,0.005499388956782579,940.0,60.0,49.0,8951.0
0.0,EfficientNet,frog,6,5.190494952187649,0.7626616799226166,0.9945054945054945,0.00405510498833463,995.0,5.0,36.0,8964.0
0.0,EfficientNet,horse,7,4.929662346025859,0.11389017235300952,0.9785214785214785,0.0018331296522608599,979.0,21.0,16.0,8984.0
0.0,EfficientNet,ship,8,5.004940588650653,0.23357609813167007,0.9865134865134865,0.0026108210198866793,987.0,13.0,23.0,8977.0
0.0,EfficientNet,truck,9,4.779931435845978,0.29207568616273677,0.9835164835164835,0.00405510498833463,984.0,16.0,36.0,8964.0
0.01,EfficientNet,airplane,0,-1.885302795152218,83.67883362294175,0.0004995004995004995,0.07993556271525386,0.0,1000.0,719.0,8281.0
0.01,EfficientNet,automobile,1,-0.7076118003653917,3.803641829106752,0.012487512487512488,0.06249305632707477,12.0,988.0,562.0,8438.0
0.01,EfficientNet,bird,2,-0.9708846587388296,4.632877451399177,0.01948051948051948,0.13704032885234974,19.0,981.0,1233.0,7767.0
0.01,EfficientNet,cat,3,-1.3307247430305766,6.0991064108188,0.02147852147852148,0.24402844128430173,21.0,979.0,2196.0,6804.0
0.01,EfficientNet,deer,4,-1.4817775067201857,21.37120102729713,0.0024975024975024975,0.09248972336407066,2.0,998.0,832.0,8168.0
0.01,EfficientNet,dog,5,-1.0466006135318864,7.033102611239685,0.008491508491508492,0.09004555049438952,8.0,992.0,810.0,8190.0
0.01,EfficientNet,frog,6,-1.3393572850968747,11.361066014939247,0.006493506493506494,0.12615264970558826,6.0,994.0,1135.0,7865.0
0.01,EfficientNet,horse,7,-1.0172460641649468,10.364399192575455,0.0024975024975024975,0.036718142428619045,2.0,998.0,330.0,8670.0
0.01,EfficientNet,ship,8,-0.434946089847438,2.0303193176147354,0.032467532467532464,0.07915787134762804,32.0,968.0,712.0,8288.0
0.01,EfficientNet,truck,9,-1.208851315062081,7.237881815421217,0.012487512487512488,0.1508165759360071,12.0,988.0,1357.0,7643.0
0.05,EfficientNet,airplane,0,-1.4284212463342454,39.664886566715076,0.0004995004995004995,0.03127430285523831,0.0,1000.0,281.0,8719.0
0.05,EfficientNet,automobile,1,-1.4620571431650748,42.20521055637676,0.0004995004995004995,0.033718475724919456,0.0,1000.0,303.0,8697.0
0.05,EfficientNet,bird,2,-2.052610067515699,104.39078750796729,0.0004995004995004995,0.10782135318297967,0.0,1000.0,970.0,8030.0
0.05,EfficientNet,cat,3,-3.197100569911012,223.7026826177547,0.0004995004995004995,0.4626708143539607,0.0,1000.0,4164.0,4836.0
0.05,EfficientNet,deer,4,-1.7726939465393448,70.9782414107324,0.0004995004995004995,0.06449283412954117,0.0,1000.0,580.0,8420.0
0.05,EfficientNet,dog,5,-1.5720428039990324,51.29696694732949,0.0004995004995004995,0.04282857460282191,0.0,1000.0,385.0,8615.0
0.05,EfficientNet,frog,6,-2.3437877232990063,143.492786374134,0.0004995004995004995,0.17181424286190422,0.0,1000.0,1546.0,7454.0
0.05,EfficientNet,horse,7,-1.0887836363556036,19.890712495923704,0.0004995004995004995,0.013831796467059216,0.0,1000.0,124.0,8876.0
0.05,EfficientNet,ship,8,-1.7566309166542298,69.25939823367533,0.0004995004995004995,0.06249305632707477,0.0,1000.0,562.0,8438.0
0.05,EfficientNet,truck,9,-2.1188038549953987,113.05920575966357,0.0004995004995004995,0.12059771136540384,0.0,1000.0,1085.0,7915.0
0.1,EfficientNet,airplane,0,-0.6339818391584626,6.588633539901445,0.0004995004995004995,0.003944006221530941,0.0,1000.0,35.0,8965.0
0.1,EfficientNet,automobile,1,-0.8130411474109716,10.433734893129236,0.0004995004995004995,0.006610376624819465,0.0,1000.0,59.0,8941.0
0.1,EfficientNet,bird,2,-1.9260024158605835,88.53176000438486,0.0004995004995004995,0.08615709365626041,0.0,1000.0,775.0,8225.0
0.1,EfficientNet,cat,3,-4.042791588643464,169.35018609634253,0.0004995004995004995,0.7739695589378958,0.0,1000.0,6966.0,2034.0
0.1,EfficientNet,deer,4,-1.3840293901873344,36.48153371909398,0.0004995004995004995,0.028274636151538718,0.0,1000.0,254.0,8746.0
0.1,EfficientNet,dog,5,-0.8363455608002464,11.050941740157882,0.0004995004995004995,0.007054771692034219,0.0,1000.0,63.0,8937.0
0.1,EfficientNet,frog,6,-2.158816500091246,118.39258611708834,0.0004995004995004995,0.1288190201088768,0.0,1000.0,1159.0,7841.0
0.1,EfficientNet,horse,7,-0.4691255736949178,4.1944522238906865,0.0004995004995004995,0.0023886234862793023,0.0,1000.0,21.0,8979.0
0.1,EfficientNet,ship,8,-1.4220738110346396,39.19796385856471,0.0004995004995004995,0.030829907788023553,0.0,1000.0,277.0,8723.0
0.1,EfficientNet,truck,9,-1.579315964966298,51.94087396557959,0.0004995004995004995,0.04349516720364404,0.0,1000.0,391.0,8609.0
0.2,EfficientNet,airplane,0,-1.0402684131453757,12.762158657778716,0.0014985014985014985,0.026941450949894457,1.0,999.0,242.0,8758.0
0.2,EfficientNet,automobile,1,-1.8625067819046555,81.01921259235749,0.0004995004995004995,0.07660259971114321,0.0,1000.0,689.0,8311.0
0.2,EfficientNet,bird,2,-0.058398715284361025,1.0621053140409136,0.14435564435564435,0.15803799577824687,144.0,856.0,1422.0,7578.0
0.2,EfficientNet,cat,3,-1.6731933311799851,1.896727377541087,0.11138861138861139,0.675091656482613,111.0,889.0,6076.0,2924.0
0.2,EfficientNet,deer,4,0.9731365641579846,0.09320340114849525,0.025474525474525476,0.0017220308854571714,25.0,975.0,15.0,8985.0
0.2,EfficientNet,dog,5,0.5537594513598141,0.3764073984207212,0.06843156843156843,0.020608821242084213,68.0,932.0,185.0,8815.0
0.2,EfficientNet,frog,6,-1.3752665458919215,23.015644300380842,0.0014985014985014985,0.055604932785246086,1.0,999.0,500.0,8500.0
0.2,EfficientNet,horse,7,0.2435761219889927,0.5367502989998051,0.007492507492507493,0.003721808687923564,7.0,993.0,33.0,8967.0
0.2,EfficientNet,ship,8,-0.9445021296720999,8.17799794807109,0.0034965034965034965,0.03982890789912232,3.0,997.0,358.0,8642.0
0.2,EfficientNet,truck,9,-0.5860521572033015,4.364607695255133,0.0024975024975024975,0.013165203866237084,2.0,998.0,118.0,8882.0
0.3,EfficientNet,airplane,0,-0.18127342139852254,1.33150470653353,0.047452547452547456,0.06827019220086657,47.0,953.0,614.0,8386.0
0.3,EfficientNet,automobile,1,-1.087677964762434,7.099795007994842,0.00949050949050949,0.10415509387845795,9.0,991.0,937.0,8063.0
0.3,EfficientNet,bird,2,0.8598233350635673,0.6162517564447432,0.44705294705294707,0.16037106988112432,447.0,553.0,1443.0,7557.0
0.3,EfficientNet,cat,3,0.1339449778446416,0.9433031477261142,0.35614385614385613,0.30757693589601154,356.0,644.0,2768.0,6232.0
0.3,EfficientNet,deer,4,0.7971333827973592,0.26605881358579436,0.10339660339660339,0.019720031107654704,103.0,897.0,177.0,8823.0
0.3,EfficientNet,dog,5,0.7856219942226733,0.553209252693583,0.35914085914085914,0.1258193534051772,359.0,641.0,1132.0,7868.0
0.3,EfficientNet,frog,6,-1.0018278090712147,10.081051277183631,0.0024975024975024975,0.03549605599377847,2.0,998.0,319.0,8681.0
0.3,EfficientNet,horse,7,0.942564926651055,0.2300516684138791,0.13836163836163837,0.021164315076102655,138.0,862.0,190.0,8810.0
0.3,EfficientNet,ship,8,0.24972586658338192,0.6896288572745765,0.08641358641358642,0.05338295744917231,86.0,914.0,480.0,8520.0
0.3,EfficientNet,truck,9,0.578830598223095,0.4059667254332907,0.1023976023976024,0.03238529052327519,102.0,898.0,291.0,8709.0
0.0,Human,airplane,0,2.948872070192138,0.03582418845288736,0.6351351351351351,0.004615384615384616,23.0,13.0,1.0,323.0
0.0,Human,automobile,1,2.2185362764380683,0.05420419046800674,0.4189189189189189,0.007692307692307693,15.0,21.0,2.0,322.0
0.0,Human,bird,2,1.904735719165187,0.21116084192579437,0.5540540540540541,0.038461538461538464,20.0,16.0,12.0,312.0
0.0,Human,cat,3,3.0472268457078737,0.7120979384811361,0.9210526315789473,0.05102040816326531,17.0,1.0,17.0,325.0
0.0,Human,deer,4,2.849202159267273,0.3364166676923104,0.8513513513513513,0.03538461538461538,31.0,5.0,11.0,313.0
0.0,Human,dog,5,2.9733955481068826,0.16200078943615423,0.8090909090909091,0.017915309446254073,44.0,10.0,5.0,301.0
0.0,Human,frog,6,1.569641885352522,0.26228925153799476,0.47297297297297297,0.05076923076923077,17.0,19.0,16.0,308.0
0.0,Human,horse,7,3.0959956524642323,0.20892014977134937,0.8513513513513513,0.02,31.0,5.0,6.0,318.0
0.0,Human,ship,8,3.036230347720953,0.23578234302166964,0.8513513513513513,0.023076923076923078,31.0,5.0,7.0,317.0
0.0,Human,truck,9,3.2992211367378217,1.367368580128193,0.9594594594594594,0.06,35.0,1.0,19.0,305.0
0.05,Human,airplane,0,3.130416329090809,0.1007385045772723,0.7972972972972973,0.010769230769230769,29.0,7.0,3.0,321.0
0.05,Human,automobile,1,2.825989875905017,0.19361800767737936,0.7972972972972973,0.023076923076923078,29.0,7.0,7.0,317.0
0.05,Human,bird,2,2.1514767648669078,0.2430932827070145,0.6621621621621622,0.04153846153846154,24.0,12.0,13.0,311.0
0.05,Human,cat,3,1.5998544608982697,0.2495152944210864,0.47297297297297297,0.047692307692307694,17.0,19.0,15.0,309.0
0.05,Human,deer,4,2.7071255216033583,0.15024442725398748,0.7432432432432432,0.02,27.0,9.0,6.0,318.0
0.05,Human,dog,5,0.8219262183022846,0.602904356819383,0.4189189189189189,0.1523076923076923,15.0,21.0,49.0,275.0
0.05,Human,frog,6,2.4231961950085443,0.05308080521729666,0.5,0.007692307692307693,18.0,18.0,2.0,322.0
0.05,Human,horse,7,2.5402710808894846,0.11489781642463068,0.6621621621621622,0.016923076923076923,24.0,12.0,5.0,319.0
0.05,Human,ship,8,3.645633738304749,0.0580951676668744,0.8513513513513513,0.004615384615384616,31.0,5.0,1.0,323.0
0.05,Human,truck,9,3.5923573972571887,0.830409104467089,0.9594594594594594,0.03230769230769231,35.0,1.0,10.0,314.0
0.1,Human,airplane,0,1.0086214530843263,0.23488367741729546,0.17567567567567569,0.026153846153846153,6.0,30.0,8.0,316.0
0.1,Human,automobile,1,2.647360216860079,0.16956230944054215,0.7432432432432432,0.023076923076923078,27.0,9.0,7.0,317.0
0.1,Human,bird,2,1.54673594918502,0.1771833456007531,0.36486486486486486,0.02923076923076923,13.0,23.0,9.0,315.0
0.1,Human,cat,3,1.1595786580577745,0.34200550338686986,0.36486486486486486,0.06615384615384616,13.0,23.0,21.0,303.0
0.1,Human,deer,4,2.257810473624311,0.10624648977206097,0.5540540540540541,0.016923076923076923,20.0,16.0,5.0,319.0
0.1,Human,dog,5,1.4533473158237915,0.42376179439395106,0.5540540540540541,0.09384615384615384,20.0,16.0,30.0,294.0
0.1,Human,frog,6,1.7005884744010786,0.42380889479101846,0.6351351351351351,0.0876923076923077,23.0,13.0,28.0,296.0
0.1,Human,horse,7,3.0236011914671344,0.9480447998877922,0.9324324324324325,0.06307692307692307,34.0,2.0,20.0,304.0
0.1,Human,ship,8,3.021758284383994,0.036835447158292296,0.6621621621621622,0.004615384615384616,24.0,12.0,1.0,323.0
0.1,Human,truck,9,2.8941209396874523,0.678384654395425,0.9054054054054054,0.05692307692307692,33.0,3.0,18.0,306.0
0.2,Human,airplane,0,1.5004302107989984,0.1547123282293146,0.3108108108108108,0.023076923076923078,11.0,25.0,7.0,317.0
0.2,Human,automobile,1,2.6389616874513373,0.27625616114121726,0.7972972972972973,0.03538461538461538,29.0,7.0,11.0,313.0
0.2,Human,bird,2,1.418862913950373,0.30136756631863515,0.44594594594594594,0.06,16.0,20.0,19.0,305.0
0.2,Human,cat,3,1.4587139890952165,0.23126710151627905,0.3918918918918919,0.04153846153846154,14.0,22.0,13.0,311.0
0.2,Human,deer,4,1.8353801135202765,0.23814814997605546,0.5540540540540541,0.04461538461538461,20.0,16.0,14.0,310.0
0.2,Human,dog,5,1.8830441704115228,0.2847236033096235,0.6081081081081081,0.05384615384615385,22.0,14.0,17.0,307.0
0.2,Human,frog,6,2.6319582423187082,0.21944698038427887,0.7702702702702703,0.02923076923076923,28.0,8.0,9.0,315.0
0.2,Human,horse,7,2.5406239948946765,0.4233328783234423,0.8243243243243243,0.05384615384615385,30.0,6.0,17.0,307.0
0.2,Human,ship,8,2.4062778573729355,0.0904807703572843,0.581081081081081,0.013846153846153847,21.0,15.0,4.0,320.0
0.2,Human,truck,9,2.7284776272823517,0.8694847441586235,0.9054054054054054,0.07846153846153846,33.0,3.0,25.0,299.0
0.3,Human,airplane,0,1.9377653955257292,0.22743644187638648,0.581081081081081,0.04153846153846154,21.0,15.0,13.0,311.0
0.3,Human,automobile,1,2.4195473802813066,0.2135251432583548,0.7162162162162162,0.03230769230769231,26.0,10.0,10.0,314.0
0.3,Human,bird,2,1.8338674362206322,0.40079812568207396,0.6621621621621622,0.07846153846153846,24.0,12.0,25.0,299.0
0.3,Human,cat,3,1.17409968124996,0.28118684139515493,0.3108108108108108,0.047692307692307694,11.0,25.0,15.0,309.0
0.3,Human,deer,4,1.153578806463329,0.24193324392809595,0.25675675675675674,0.03538461538461538,9.0,27.0,11.0,313.0
0.3,Human,dog,5,1.3229066742689186,0.34824877603501714,0.44594594594594594,0.07230769230769231,16.0,20.0,23.0,301.0
0.3,Human,frog,6,1.9118319886537947,0.2717261958692619,0.6081081081081081,0.05076923076923077,22.0,14.0,16.0,308.0
0.3,Human,horse,7,2.7098998181719143,0.42853011812183456,0.8513513513513513,0.047692307692307694,31.0,5.0,15.0,309.0
0.3,Human,ship,8,2.269416554243695,0.08880942936305423,0.527027027027027,0.013846153846153847,19.0,17.0,4.0,320.0
0.3,Human,truck,9,2.775571283686804,0.541705807388839,0.8783783783783784,0.05384615384615385,32.0,4.0,17.0,307.0
