epsilon,system,class,d_prime,hit_rate,fa_rate,beta
0.0,Resnet,airplane,4.447367726447196,0.9625374625374625,0.0038329074547272524,0.13957941194173162
0.0,Resnet,automobile,4.911411598637335,0.9845154845154845,0.0029441173202977445,0.23113419781452466
0.0,Resnet,bird,4.205812919765128,0.9525474525474525,0.005610487723586268,0.16195767438746989
0.0,Resnet,cat,3.6002952240804578,0.8866133866133866,0.00838795689367848,0.11891573360703432
0.0,Resnet,deer,4.395376651953945,0.9685314685314685,0.005610487723586268,0.22630583593190615
0.0,Resnet,dog,3.805288051124555,0.9295704295704296,0.00983224086212643,0.1946709777729003
0.0,Resnet,frog,4.701956117292683,0.9775224775224776,0.003499611154316187,0.19663192976939878
0.0,Resnet,horse,4.725556435288802,0.9705294705294706,0.002277524719475614,0.10639451144316281
0.0,Resnet,ship,4.7846002584972,0.9775224775224776,0.0027219197866903675,0.15681035442668226
0.0,Resnet,truck,4.682628613962772,0.9675324675324676,0.002277524719475614,0.09819943896739856
0.01,Resnet,airplane,2.6794382727758217,0.7487512487512488,0.02227530274413954,0.16646729182949607
0.01,Resnet,automobile,3.4488741925582262,0.8926073926073926,0.013609598933451839,0.18843753297919486
0.01,Resnet,bird,2.377160336382908,0.7137862137862138,0.034940562159760026,0.22682275254582912
0.01,Resnet,cat,1.698847503725589,0.512987012987013,0.04782801910898789,0.24964184129668865
0.01,Resnet,deer,2.509525752169939,0.7437562437562437,0.03182979668925675,0.22197347300220835
0.01,Resnet,dog,2.1064403656825403,0.6768231768231768,0.049716698144650594,0.2859209690046548
0.01,Resnet,frog,2.8261032747085832,0.8016983016983017,0.023941784246194867,0.20235460658263377
0.01,Resnet,horse,2.9665476080595408,0.7777222777222778,0.013831796467059216,0.11857524674305969
0.01,Resnet,ship,3.1545104905028127,0.8516483516483516,0.017386957004777246,0.18569594819339033
0.01,Resnet,truck,3.1156759322606273,0.8366633366633367,0.01638706810354405,0.16567135011148826
0.05,Resnet,airplane,-1.189480079531164,0.004495504495504496,0.07738029107876902,11.02275045324657
0.05,Resnet,automobile,0.22985100394303482,0.10539460539460539,0.06927008110209977,0.7304818536958747
0.05,Resnet,bird,-1.2624408167119263,0.012487512487512488,0.16370403288523497,7.63885165354929
0.05,Resnet,cat,-1.0710661764097635,0.017482517482517484,0.14970558826797023,5.392631344933596
0.05,Resnet,deer,-1.3134006221074144,0.008491508491508492,0.14148427952449727,9.705332300575757
0.05,Resnet,dog,-1.1716123347175436,0.014485514485514486,0.1557049216753694,6.503390267555205
0.05,Resnet,frog,-0.7466617096513106,0.02047952047952048,0.09726697033662926,3.481221228435325
0.05,Resnet,horse,-0.37975834484857995,0.02147852147852148,0.05004999444506166,2.0068595326792007
0.05,Resnet,ship,-0.642097493461133,0.024475524475524476,0.09226752583046328,2.8810556955875644
0.05,Resnet,truck,-0.19391851129072046,0.05744255744255744,0.0833796244861682,1.332333368394364
0.1,Resnet,airplane,-1.7429360582246782,0.0004995004995004995,0.06082657482501944,67.81305573943918
0.1,Resnet,automobile,-0.7650871058204674,0.01048951048951049,0.061382068659037885,4.3641294043488585
0.1,Resnet,bird,-2.375154889285175,0.0004995004995004995,0.1799244528385735,147.74652772955147
0.1,Resnet,cat,-1.373329233104561,0.007492507492507493,0.14470614376180424,11.000467340945391
0.1,Resnet,deer,-2.3275282218264968,0.0004995004995004995,0.16770358849016775,141.28152101140628
0.1,Resnet,dog,-2.2116658237606517,0.0004995004995004995,0.1402621930896567,125.5161654762971
0.1,Resnet,frog,-1.6769484039208704,0.0024975024975024975,0.12915231640928787,27.15911503913259
0.1,Resnet,horse,-1.6166555428193536,0.0004995004995004995,0.04705032774136207,55.33000225856895
0.1,Resnet,ship,-1.6816675164088657,0.0014985014985014985,0.09915564937229197,35.775464376621755
0.1,Resnet,truck,-1.5565326297332625,0.0014985014985014985,0.07904677258082435,30.218738615866936
0.2,Resnet,airplane,-1.5143547905756662,0.0004995004995004995,0.03782913009665593,46.37755101694895
0.2,Resnet,automobile,-1.2394387853829982,0.0014985014985014985,0.0419397844683924,18.36792670951743
0.2,Resnet,bird,-2.4167168512159374,0.0004995004995004995,0.19103432951894234,153.34507795393108
0.2,Resnet,cat,-2.166184882272167,0.0004995004995004995,0.13037440284412843,119.38098123592877
0.2,Resnet,deer,-2.377692978205994,0.0004995004995004995,0.18059104543939564,148.08981427302146
0.2,Resnet,dog,-1.9638876331938941,0.0004995004995004995,0.09226752583046328,93.16290860789928
0.2,Resnet,frog,-2.604118773479727,0.0004995004995004995,0.24613931785357182,177.49410554539287
0.2,Resnet,horse,-1.4009072661587028,0.0004995004995004995,0.0293856238195756,37.669326677267996
0.2,Resnet,ship,-1.9652297103272682,0.0004995004995004995,0.09248972336407066,93.32887961591831
0.2,Resnet,truck,-1.8103922874126872,0.0004995004995004995,0.06938117986890345,75.1054530612473
0.3,Resnet,airplane,-1.2692052947906247,0.0004995004995004995,0.02160871014331741,29.115474436469714
0.3,Resnet,automobile,-1.3594475889399804,0.0004995004995004995,0.02671925341628708,34.80050936703562
0.3,Resnet,bird,-2.3319476740406992,0.0004995004995004995,0.16881457615820464,141.88287673971058
0.3,Resnet,cat,-2.1143647862326853,0.0004995004995004995,0.11970892123097433,112.47142247841299
0.3,Resnet,deer,-2.3511749248442975,0.0004995004995004995,0.17370292189756695,144.49621428346663
0.3,Resnet,dog,-1.6200385903564463,0.0004995004995004995,0.04738362404177314,55.64394753415098
0.3,Resnet,frog,-3.071283464125791,0.0004995004995004995,0.4131207643595156,219.33777657446237
0.3,Resnet,horse,-1.200069228534053,0.0004995004995004995,0.018275747139206756,25.257275410999025
0.3,Resnet,ship,-1.8045351187570162,0.0004995004995004995,0.06860348850127763,74.45574853620363
0.3,Resnet,truck,-1.679948244201156,0.0004995004995004995,0.05360515498277969,61.39165669050994
0.0,Vit,airplane,5.292610126121797,0.9915084915084915,0.0018331296522608599,0.2535985951684456
0.0,Vit,automobile,5.034821462243981,0.9875124875124875,0.0026108210198866793,0.2496470451093818
0.0,Vit,bird,4.926072338695401,0.9655344655344655,0.0009443395178313521,0.041869284172718624
0.0,Vit,cat,4.203669880082619,0.9555444555444556,0.006165981557604711,0.1855810479199153
0.0,Vit,deer,4.8610511313684786,0.9785214785214785,0.002277524719475614,0.1386888749566738
0.0,Vit,dog,4.372300584868844,0.9585414585414586,0.004166203755138318,0.13849620705811244
0.0,Vit,frog,5.468093285703663,0.9945054945054945,0.0017220308854571714,0.3519035967785109
0.0,Vit,horse,5.070952156560054,0.9855144855144855,0.0019442284190645484,0.16814572470261516
0.0,Vit,ship,5.145285525708154,0.9895104895104895,0.002277524719475614,0.2567118735931756
0.0,Vit,truck,4.933807908192958,0.9685314685314685,0.0010554382846350405,0.04997941042495309
0.01,Vit,airplane,1.9686171699515334,0.6738261738261738,0.06449283412954117,0.34963747046872923
0.01,Vit,automobile,2.6382614908092332,0.7347652347652348,0.02216420397733585,0.16117600717253536
0.01,Vit,bird,1.5121818069456894,0.508991008991009,0.06815909343406289,0.3298016703088543
0.01,Vit,cat,0.8076711419726411,0.27522477522477523,0.08004666148205755,0.4455632935423219
0.01,Vit,deer,1.577091270921862,0.471028971028971,0.04949450061104322,0.2571136626258234
0.01,Vit,dog,1.3343567624984518,0.461038961038961,0.07604710587712477,0.3603151432332401
0.01,Vit,frog,1.9170289574378576,0.5499500499500499,0.03660704366181535,0.20253440701848768
0.01,Vit,horse,2.1513152534583493,0.6148851148851149,0.03149650038884568,0.18530824812960744
0.01,Vit,ship,2.022725428714201,0.6328671328671329,0.04616153760693256,0.2568966426948057
0.01,Vit,truck,2.2205564912929447,0.5949050949050949,0.02383068547939118,0.14484374938158115
0.05,Vit,airplane,-0.1242611308670667,0.1003996003996004,0.12404177313631819,1.1632805897921974
0.05,Vit,automobile,1.009315953986217,0.22627372627372627,0.039162315298300186,0.2815255486328061
0.05,Vit,bird,-0.4686023065134357,0.09940059940059941,0.20714365070547716,1.6361533175498693
0.05,Vit,cat,-0.7522728979620223,0.027472527472527472,0.12159760026663705,3.1927671497523087
0.05,Vit,deer,0.15327112771110096,0.11338661338661339,0.08660148872347517,0.8211850627836088
0.05,Vit,dog,-0.6558600301994384,0.041458541458541456,0.1404843906232641,2.514788740226679
0.05,Vit,frog,0.3584957324740228,0.11038961038961038,0.05671592045328297,0.6045790615409569
0.05,Vit,horse,0.32065795471846115,0.1063936063936064,0.058604599488945676,0.6370350223336093
0.05,Vit,ship,-1.2455820916650036,0.00949050949050949,0.13559604488390178,8.552965508714317
0.05,Vit,truck,-0.27207490777025756,0.025474525474525476,0.04649483390734363,1.6389454039494127
0.1,Vit,airplane,-0.5255815462169702,0.04945054945054945,0.13037440284412843,2.073419336301077
0.1,Vit,automobile,0.5761662433384409,0.12837162837162838,0.04360626597044773,0.4406842057637452
0.1,Vit,bird,-1.1268007785035112,0.027472527472527472,0.21403177424730585,4.608214740948361
0.1,Vit,cat,-1.7090725986201205,0.0024975024975024975,0.13604043995111653,28.148953039191554
0.1,Vit,deer,-0.6993551389685231,0.02047952047952048,0.08937895789356738,3.27034083121643
0.1,Vit,dog,-1.7824560065932165,0.0024975024975024975,0.1527052549716698,30.429525108356778
0.1,Vit,frog,-0.40836329208050204,0.026473526473526472,0.06338184646150427,2.0277902076353467
0.1,Vit,horse,-0.3424650400594975,0.030469530469530468,0.06282635262748583,1.7916139779241562
0.1,Vit,ship,-2.2036549856897087,0.0004995004995004995,0.1384846128207977,124.43178318001556
0.1,Vit,truck,-0.6829544715687186,0.00949050949050949,0.048161315409398955,3.931149623212799
0.2,Vit,airplane,-0.8786441911818639,0.01948051948051948,0.11782024219531163,4.170514291909762
0.2,Vit,automobile,0.07489265067074302,0.047452547452547456,0.04049550049994445,0.8799584551786009
0.2,Vit,bird,-1.567200470001676,0.008491508491508492,0.20614376180424399,12.341489539839491
0.2,Vit,cat,-0.8190083325417585,0.047452547452547456,0.19736695922675257,2.807840436994795
0.2,Vit,deer,-1.4474809934344488,0.0024975024975024975,0.08693478502388624,20.40935620280546
0.2,Vit,dog,-1.937952125117797,0.0014985014985014985,0.15148316853682925,48.139362765633095
0.2,Vit,frog,-1.0043381316808013,0.005494505494505495,0.061937562493056326,7.765824294176102
0.2,Vit,horse,-0.7014949991331374,0.011488511488511488,0.05793800688812354,3.853659717121254
0.2,Vit,ship,-2.1797093957672593,0.0004995004995004995,0.13326297078102434,121.19955783524259
0.2,Vit,truck,-1.0836908425486789,0.0024975024975024975,0.04238417953560716,11.647746924332894
0.3,Vit,airplane,-1.3782086294578506,0.005494505494505495,0.1220419953338518,12.872860810072124
0.3,Vit,automobile,-0.0679009719589938,0.032467532467532464,0.03771803132985224,1.1309069097818867
0.3,Vit,bird,-1.694661680186365,0.006493506493506494,0.21492056438173537,16.01959598565396
0.3,Vit,cat,-2.245927445548616,0.0004995004995004995,0.1480391067659149,130.16733147539082
0.3,Vit,deer,-1.6517953496731077,0.0014985014985014985,0.0940451060993223,34.41144612996937
0.3,Vit,dog,-1.8365194517053705,0.0024975024975024975,0.16581490945450506,32.116230939715216
0.3,Vit,frog,-1.1178293600124805,0.005494505494505495,0.07704699477835796,9.188223020377938
0.3,Vit,horse,-0.9012687039447473,0.007492507492507493,0.06282635262748583,5.967993064479054
0.3,Vit,ship,-2.1965878283564875,0.0004995004995004995,0.13692923008554606,123.47634339479825
0.3,Vit,truck,-1.6029280197599935,0.0004995004995004995,0.04571714253971781,54.067815966562954
0.0,Efficientnet,airplane,4.71081721156437,0.9715284715284715,0.002499722253082991,0.11911186466791056
0.0,Efficientnet,automobile,4.8224241472501115,0.9735264735264735,0.0019442284190645484,0.10078188432209734
0.0,Efficientnet,bird,4.492388506460142,0.9645354645354646,0.0036107099211198754,0.13836886552045716
0.0,Efficientnet,cat,3.8967027753366494,0.9245754245754245,0.00694367292523053,0.13609767568434258
0.0,Efficientnet,deer,4.4993192647544324,0.9595404595404595,0.0029441173202977445,0.1034234285090225
0.0,Efficientnet,dog,4.093831802721139,0.9395604395604396,0.005499388956782579,0.1313603696486667
0.0,Efficientnet,frog,5.190494952187649,0.9945054945054945,0.00405510498833463,0.7626616799226166
0.0,Efficientnet,horse,4.929662346025859,0.9785214785214785,0.0018331296522608599,0.11389017235300952
0.0,Efficientnet,ship,5.004940588650653,0.9865134865134865,0.0026108210198866793,0.23357609813167007
0.0,Efficientnet,truck,4.779931435845978,0.9835164835164835,0.00405510498833463,0.29207568616273677
0.01,Efficientnet,airplane,-1.8170246007468989,0.0004995004995004995,0.07026997000333296,75.844845984177
0.01,Efficientnet,automobile,-0.8546418409579815,0.007492507492507493,0.05727141428730141,5.55065489068997
0.01,Efficientnet,bird,-1.1710694004959898,0.01048951048951049,0.12770803244083992,7.519879516117271
0.01,Efficientnet,cat,-1.577669160991419,0.015484515484515484,0.28102433062993,8.664675965696857
0.01,Efficientnet,deer,-1.3330780137402893,0.0034965034965034965,0.0862681924230641,14.984240046042823
0.01,Efficientnet,dog,-0.9679810524467214,0.008491508491508492,0.07793578491278746,6.310089787356339
0.01,Efficientnet,frog,-1.4584059975056676,0.005494505494505495,0.13904010665481614,14.087988156051305
0.01,Efficientnet,horse,-1.3908455868415193,0.0004995004995004995,0.028719031218753473,36.957919486926095
0.01,Efficientnet,ship,-0.4773493314603676,0.030469530469530468,0.08126874791689813,2.1827630934959448
0.01,Efficientnet,truck,-1.1283236755537234,0.015484515484515484,0.1517053660704366,6.036158347413343
0.05,Efficientnet,airplane,-1.5671430461557614,0.0004995004995004995,0.04238417953560716,50.86617121373983
0.05,Efficientnet,automobile,-1.5994459612279877,0.0004995004995004995,0.04538384623930675,53.750649512589966
0.05,Efficientnet,bird,-2.1781592537268826,0.0004995004995004995,0.13292967448061327,120.99084280017983
0.05,Efficientnet,cat,-3.0216411597170802,0.0004995004995004995,0.3939006777024775,216.6933068080581
0.05,Efficientnet,deer,-1.8235927122603095,0.0004995004995004995,0.07115876013776247,76.58093508523385
0.05,Efficientnet,dog,-1.717527137036249,0.0004995004995004995,0.05782690812131985,65.17670879661006
0.05,Efficientnet,frog,-2.289633695989547,0.0004995004995004995,0.15837129207865794,136.1195410062166
0.05,Efficientnet,horse,-1.2881796062443898,0.0004995004995004995,0.022608599044550606,30.24855171315893
0.05,Efficientnet,ship,-1.7117406665223611,0.0004995004995004995,0.057160315520497725,64.58496821649281
0.05,Efficientnet,truck,-2.1635603417296454,0.0004995004995004995,0.12981890901010998,119.02872365850078
0.1,Efficientnet,airplane,-1.5521899827866108,0.0004995004995004995,0.04105099433396289,49.56635231187424
0.1,Efficientnet,automobile,-1.5876884755441851,0.0004995004995004995,0.044272858571269856,52.68867135288673
0.1,Efficientnet,bird,-2.176606433436502,0.0004995004995004995,0.1325963781802022,120.78183652941776
0.1,Efficientnet,cat,-3.0569968494524447,0.0004995004995004995,0.40756582601933117,218.62864057609008
0.1,Efficientnet,deer,-1.8112248905564003,0.0004995004995004995,0.06949227863570714,75.19805895858343
0.1,Efficientnet,dog,-1.7213557119614133,0.0004995004995004995,0.05827130318853461,65.56999987978115
0.1,Efficientnet,frog,-2.260714893974379,0.0004995004995004995,0.15148316853682925,132.1797276809529
0.1,Efficientnet,horse,-1.2881796062443898,0.0004995004995004995,0.022608599044550606,30.24855171315893
0.1,Efficientnet,ship,-1.6920602513857732,0.0004995004995004995,0.05493834018442395,62.59662325576732
0.1,Efficientnet,truck,-2.160928013406259,0.0004995004995004995,0.12926341517609155,118.67564375621981
0.2,Efficientnet,airplane,-1.5534509800557825,0.0004995004995004995,0.04116209310076658,49.67510092469498
0.2,Efficientnet,automobile,-1.5900588305084935,0.0004995004995004995,0.04449505610487724,52.901656699514035
0.2,Efficientnet,bird,-2.1714108549078777,0.0004995004995004995,0.13148539051216532,120.0830391021507
0.2,Efficientnet,cat,-3.0589997838710987,0.0004995004995004995,0.408343517386957,218.7306114030794
0.2,Efficientnet,deer,-1.8120564692734247,0.0004995004995004995,0.06960337740251084,75.29061279068817
0.2,Efficientnet,dog,-1.717527137036249,0.0004995004995004995,0.05782690812131985,65.17670879661006
0.2,Efficientnet,frog,-2.263078928455243,0.0004995004995004995,0.15203866237084768,132.50163049022126
0.2,Efficientnet,horse,-1.2861067270832245,0.0004995004995004995,0.022497500277746916,30.123179280400997
0.2,Efficientnet,ship,-1.693059053657698,0.0004995004995004995,0.055049438951227644,62.69662817340091
0.2,Efficientnet,truck,-2.159872887031382,0.0004995004995004995,0.12904121764248416,118.53418099699864
0.3,Efficientnet,airplane,-1.5534509800557825,0.0004995004995004995,0.04116209310076658,49.67510092469498
0.3,Efficientnet,automobile,-1.5900588305084935,0.0004995004995004995,0.04449505610487724,52.901656699514035
0.3,Efficientnet,bird,-2.1714108549078777,0.0004995004995004995,0.13148539051216532,120.0830391021507
0.3,Efficientnet,cat,-3.0589997838710987,0.0004995004995004995,0.408343517386957,218.7306114030794
0.3,Efficientnet,deer,-1.8120564692734247,0.0004995004995004995,0.06960337740251084,75.29061279068817
0.3,Efficientnet,dog,-1.717527137036249,0.0004995004995004995,0.05782690812131985,65.17670879661006
0.3,Efficientnet,frog,-2.263078928455243,0.0004995004995004995,0.15203866237084768,132.50163049022126
0.3,Efficientnet,horse,-1.2861067270832245,0.0004995004995004995,0.022497500277746916,30.123179280400997
0.3,Efficientnet,ship,-1.693059053657698,0.0004995004995004995,0.055049438951227644,62.69662817340091
0.3,Efficientnet,truck,-2.159872887031382,0.0004995004995004995,0.12904121764248416,118.53418099699864
0.0,Shaperesnet,airplane,3.8323990940409214,0.9215784215784216,0.007832463059660039,0.14692255293418396
0.0,Shaperesnet,automobile,4.117852729665134,0.9415584415584416,0.0053882901899788916,0.1324437187735
0.0,Shaperesnet,bird,3.600521679806423,0.9045954045954046,0.010943228530163315,0.17004110088323182
0.0,Shaperesnet,cat,3.0265561075405762,0.7887112887112887,0.013054105099433397,0.11615254180125818
0.0,Shaperesnet,deer,3.6667926489758003,0.9325674325674326,0.0149427841350961,0.28934478021948545
0.0,Shaperesnet,dog,3.2561228292738824,0.8706293706293706,0.016720364403955117,0.1971488102501143
0.0,Shaperesnet,frog,4.2347104702115805,0.9485514485514486,0.0046105988223530715,0.12749097005419793
0.0,Shaperesnet,horse,3.884047449721808,0.9315684315684316,0.008276858126874792,0.17116928004693627
0.0,Shaperesnet,ship,4.178936672343765,0.9555444555444556,0.006610376624819465,0.19737010836690533
0.0,Shaperesnet,truck,4.081735823521545,0.9475524475524476,0.00694367292523053,0.1806025129695434
0.01,Shaperesnet,airplane,0.35012775894883286,0.16233766233766234,0.09093434062881903,0.666220864826573
0.01,Shaperesnet,automobile,1.0225289821608767,0.28121878121878124,0.05460504388401289,0.32789665094762943
0.01,Shaperesnet,bird,0.2588024628635609,0.1953046953046953,0.13192978557938007,0.7743939367163382
0.01,Shaperesnet,cat,-0.5753998188999512,0.042457542457542456,0.12559715587156983,2.283677113809901
0.01,Shaperesnet,deer,-0.23709758232938527,0.07842157842157842,0.11926452616375958,1.360112978408276
0.01,Shaperesnet,dog,0.27031244472601246,0.17132867132867133,0.1113765137206977,0.7459912575573647
0.01,Shaperesnet,frog,0.6352823664345226,0.16133866133866134,0.05216087101433174,0.436019771152291
0.01,Shaperesnet,horse,0.6624237156226035,0.2042957042957043,0.06827019220086657,0.46449105504889765
0.01,Shaperesnet,ship,0.7606678118763854,0.23326673326673328,0.06827019220086657,0.43034266577701763
0.01,Shaperesnet,truck,0.7832204035603628,0.2842157842157842,0.08793467392511943,0.4707458239299557
0.05,Shaperesnet,airplane,-2.014555943799831,0.0004995004995004995,0.10093322964115098,99.5140496524797
0.05,Shaperesnet,automobile,-1.7184864427195978,0.0004995004995004995,0.05793800688812354,65.27512144731755
0.05,Shaperesnet,bird,-2.368783703992414,0.0004995004995004995,0.17825797133651816,146.88413282186437
0.05,Shaperesnet,cat,-2.3550651102119757,0.0004995004995004995,0.17470281079880012,145.02426717571734
0.05,Shaperesnet,deer,-2.2425566019262466,0.0004995004995004995,0.14726141539828908,129.70893490665455
0.05,Shaperesnet,dog,-1.8291561979854736,0.0014985014985014985,0.12737473614042885,42.78176635639914
0.05,Shaperesnet,frog,-1.7484487418654497,0.0004995004995004995,0.06149316742584157,68.39313622503397
0.05,Shaperesnet,horse,-1.7935202045850682,0.0004995004995004995,0.06715920453282968,73.24230110342295
0.05,Shaperesnet,ship,-1.908839661830942,0.0004995004995004995,0.0834907232529719,86.46937080170589
0.05,Shaperesnet,truck,-2.0791454129973332,0.0004995004995004995,0.11282079768914564,107.83964711919108
0.1,Shaperesnet,airplane,-1.8586345563830602,0.0004995004995004995,0.07604710587712477,80.57175209893012
0.1,Shaperesnet,automobile,-1.5381329611033363,0.0004995004995004995,0.03982890789912232,48.364865596894525
0.1,Shaperesnet,bird,-2.467029638501963,0.0004995004995004995,0.20503277413620707,160.0366838691981
0.1,Shaperesnet,cat,-2.4405438997468805,0.0004995004995004995,0.19758915676035996,156.52784844904878
0.1,Shaperesnet,deer,-2.315052432212286,0.0004995004995004995,0.1645928230196645,139.58294399436403
0.1,Shaperesnet,dog,-2.0866541865779857,0.0004995004995004995,0.1142650816575936,108.8221919229356
0.1,Shaperesnet,frog,-1.8882875653048274,0.0004995004995004995,0.08037995778246862,84.0302385672911
0.1,Shaperesnet,horse,-1.625634872010889,0.0004995004995004995,0.04793911787579158,56.16578417011374
0.1,Shaperesnet,ship,-1.8823054507642822,0.0004995004995004995,0.07949116764803911,83.3266800605907
0.1,Shaperesnet,truck,-2.044779985015853,0.0004995004995004995,0.10637706921453172,103.38042004073706
0.2,Shaperesnet,airplane,-1.7068778963898457,0.0004995004995004995,0.05660482168647928,64.09018481581833
0.2,Shaperesnet,automobile,-1.2074442503241674,0.0004995004995004995,0.01860904343961782,25.649043930739325
0.2,Shaperesnet,bird,-2.5709529039549577,0.0004995004995004995,0.2358071325408288,173.4020297664055
0.2,Shaperesnet,cat,-2.4814109751901015,0.0004995004995004995,0.20914342850794357,161.92717296998805
0.2,Shaperesnet,deer,-2.4288934522458043,0.0004995004995004995,0.194367292523053,154.97442707235467
0.2,Shaperesnet,dog,-1.983773373248305,0.0004995004995004995,0.09560048883457394,95.63498804194424
0.2,Shaperesnet,frog,-2.132529322296626,0.0004995004995004995,0.12337518053549605,114.88179561935749
0.2,Shaperesnet,horse,-1.292299735659886,0.0004995004995004995,0.022830796578157984,30.498908807941714
0.2,Shaperesnet,ship,-1.8045351187570162,0.0004995004995004995,0.06860348850127763,74.45574853620363
0.2,Shaperesnet,truck,-1.9288240592063035,0.0004995004995004995,0.08660148872347517,88.87299883847682
0.3,Shaperesnet,airplane,-1.597113146094808,0.0004995004995004995,0.045161648705699366,53.538841246498635
0.3,Shaperesnet,automobile,-0.9088381071303244,0.0004995004995004995,0.008610154427285858,13.168377237712823
0.3,Shaperesnet,bird,-2.625467350201041,0.0004995004995004995,0.2529163426285968,180.07426611149174
0.3,Shaperesnet,cat,-2.530298835132787,0.0004995004995004995,0.22347516942561937,168.26184341341502
0.3,Shaperesnet,deer,-2.486809044564831,0.0004995004995004995,0.2106988112431952,162.6338403817468
0.3,Shaperesnet,dog,-1.897167734318162,0.0004995004995004995,0.08171314298411288,85.07999283634902
0.3,Shaperesnet,frog,-2.289173909036523,0.0004995004995004995,0.15826019331185423,136.05688156524312
0.3,Shaperesnet,horse,-1.0389401614471812,0.0004995004995004995,0.01216531496500389,17.800991993972307
0.3,Shaperesnet,ship,-1.7088274948230813,0.0004995004995004995,0.05682701922008666,64.28828078510713
0.3,Shaperesnet,truck,-1.750275927888975,0.0004995004995004995,0.06171536495944895,68.58603755563868
0.0,Bagnet,airplane,3.485707750252668,0.9055944055944056,0.0149427841350961,0.22436152858218614
0.0,Bagnet,automobile,3.950744279901646,0.9135864135864136,0.004832796355960449,0.08904335004317712
0.0,Bagnet,bird,3.041796219889374,0.8226773226773226,0.01716475947116987,0.16353543566060488
0.0,Bagnet,cat,2.6568833410031294,0.7697302697302697,0.0274969447839129,0.2082858234209937
0.0,Bagnet,deer,3.2564619553155483,0.8666333666333667,0.015942673036329298,0.1853349757183956
0.0,Bagnet,dog,2.9915704011288335,0.8056943056943057,0.016609265637151427,0.15022829799809398
0.0,Bagnet,frog,3.6590967177682083,0.9265734265734266,0.013609598933451839,0.2500466182273313
0.0,Bagnet,horse,3.6675463640240036,0.8916083916083916,0.0074991667592489725,0.1112959535693257
0.0,Bagnet,ship,3.89230165421949,0.9415584415584416,0.010054438395733807,0.22948670344916103
0.0,Bagnet,truck,3.752209626293453,0.9195804195804196,0.009387845794911677,0.16897839168212567
0.01,Bagnet,airplane,1.5645599154723122,0.514985014985015,0.06338184646150427,0.3118782927849228
0.01,Bagnet,automobile,2.421802382113446,0.6698301698301699,0.02371958671258749,0.1543833896557222
0.01,Bagnet,bird,1.0574137073892758,0.3741258741258741,0.08404621708699034,0.40720685992366157
0.01,Bagnet,cat,0.4046654236839129,0.1893106893106893,0.09937784690589935,0.6452222861791745
0.01,Bagnet,deer,1.1212319577580991,0.33916083916083917,0.062270858793467394,0.33500276979936433
0.01,Bagnet,dog,1.084176171058044,0.3691308691308691,0.07804688367959116,0.38673982069087354
0.01,Bagnet,frog,1.7298014648831201,0.527972027972028,0.04849461170981002,0.25291010946359294
0.01,Bagnet,horse,1.8822089578905934,0.5399600399600399,0.037384735029441174,0.20545925938808432
0.01,Bagnet,ship,2.049056007050718,0.6298701298701299,0.0429396733696256,0.24170581611620154
0.01,Bagnet,truck,2.157336002976772,0.6498501498501499,0.03816242639706699,0.22387748633288646
0.05,Bagnet,airplane,-1.7326894358522158,0.0024975024975024975,0.1412620819908899,28.880575984540652
0.05,Bagnet,automobile,-1.3376848935066215,0.0024975024975024975,0.0708254638373514,17.47300118142473
0.05,Bagnet,bird,-1.9641090218455186,0.0014985014985014985,0.1577046994778358,49.437148747827216
0.05,Bagnet,cat,-2.3279710132273914,0.0004995004995004995,0.16781468725697143,141.34178109411383
0.05,Bagnet,deer,-2.0585819452285694,0.0004995004995004995,0.10893234085101655,105.1636768733323
0.05,Bagnet,dog,-2.14978571709656,0.0004995004995004995,0.12693034107321408,117.18367279531682
0.05,Bagnet,frog,-1.3618534420863013,0.0024975024975024975,0.07415842684146207,18.09950611369577
0.05,Bagnet,horse,-1.7466163919475233,0.0004995004995004995,0.0612709698922342,68.20000591183643
0.05,Bagnet,ship,-1.9413892712594618,0.0004995004995004995,0.08860126652594157,90.39988950203326
0.05,Bagnet,truck,-1.3308051274685195,0.005494505494505495,0.11270969892234196,12.167643633408478
0.1,Bagnet,airplane,-2.159872887031382,0.0004995004995004995,0.12904121764248416,118.53418099699864
0.1,Bagnet,automobile,-1.803694207175394,0.0004995004995004995,0.06849238973447394,74.36272378944524
0.1,Bagnet,bird,-2.279468991223447,0.0004995004995004995,0.15592711920897678,134.73436543417367
0.1,Bagnet,cat,-2.3015147437724797,0.0004995004995004995,0.16125986001555384,137.73862904185714
0.1,Bagnet,deer,-2.144966819894786,0.0004995004995004995,0.1259304521719809,116.53975707270831
0.1,Bagnet,dog,-2.12377036072006,0.0004995004995004995,0.12159760026663705,113.71781333552491
0.1,Bagnet,frog,-1.949649134820125,0.0004995004995004995,0.08993445172758582,91.41000591324709
0.1,Bagnet,horse,-1.7059008353248428,0.0004995004995004995,0.05649372291967559,63.9910452448275
0.1,Bagnet,ship,-1.952382185959774,0.0004995004995004995,0.09037884679480057,91.7453374010717
0.1,Bagnet,truck,-2.077402889838295,0.0004995004995004995,0.11248750138873459,107.61203670045221
0.2,Bagnet,airplane,-2.0307364922778284,0.0004995004995004995,0.10382179757804688,101.57712769475333
0.2,Bagnet,automobile,-1.7098000433281313,0.0004995004995004995,0.056938117986890344,64.38723737164334
0.2,Bagnet,bird,-2.273880314097113,0.0004995004995004995,0.1545939340073325,133.9728963143476
0.2,Bagnet,cat,-2.2352929560266177,0.0004995004995004995,0.14559493389623376,128.72166932929608
0.2,Bagnet,deer,-2.2464080260205868,0.0004995004995004995,0.1481502055327186,130.23269626539172
0.2,Bagnet,dog,-2.021442134967495,0.0004995004995004995,0.10215531607599156,100.39010453877331
0.2,Bagnet,frog,-2.254541292456296,0.0004995004995004995,0.1500388845683813,131.33931026918185
0.2,Bagnet,horse,-1.578110051632566,0.0004995004995004995,0.04338406843684035,51.83374548775176
0.2,Bagnet,ship,-1.9638876331938941,0.0004995004995004995,0.09226752583046328,93.16290860789928
0.2,Bagnet,truck,-2.0883773659901292,0.0004995004995004995,0.11459837795800466,109.0480675540552
0.3,Bagnet,airplane,-1.9022974859255395,0.0004995004995004995,0.08249083435173869,85.68928400104615
0.3,Bagnet,automobile,-1.6592201674633509,0.0004995004995004995,0.05138317964670592,59.36287860914596
0.3,Bagnet,bird,-2.2201021460908583,0.0004995004995004995,0.1421508721253194,126.6595734846098
0.3,Bagnet,cat,-2.148182365805216,0.0004995004995004995,0.12659704477280304,116.96933565437496
0.3,Bagnet,deer,-2.286871790702101,0.0004995004995004995,0.1577046994778358,135.74315245144115
0.3,Bagnet,dog,-1.831714861645164,0.0004995004995004995,0.07226974780579935,77.49644877190617
0.3,Bagnet,frog,-2.5977593672736736,0.0004995004995004995,0.24413954005110544,176.71711679990167
0.3,Bagnet,horse,-1.4824300993076651,0.0004995004995004995,0.035273858460171094,43.79822174334249
0.3,Bagnet,ship,-1.9413892712594618,0.0004995004995004995,0.08860126652594157,90.39988950203326
0.3,Bagnet,truck,-2.069221954542731,0.0004995004995004995,0.11093211865348294,106.54551394030723
0.0,Cornets,airplane,3.813833778932843,0.9295704295704296,0.009610043328519053,0.19082176050647978
0.0,Cornets,automobile,4.398228497607217,0.9545454545454546,0.0033885123875124984,0.10683531645818724
0.0,Cornets,bird,3.416489311977677,0.8786213786213786,0.012276413731807576,0.15797466352921669
0.0,Cornets,cat,2.979973752515158,0.7947052947052947,0.015498277969114543,0.13696498001421425
0.0,Cornets,deer,3.8029619205323475,0.9395604395604396,0.01216531496500389,0.2638148719461279
0.0,Cornets,dog,3.28726936178457,0.8776223776223776,0.016831463170758804,0.20610408975836095
0.0,Cornets,frog,3.9199899294860066,0.9355644355644356,0.008165759360071103,0.17721580632934483
0.0,Cornets,horse,4.022460432453978,0.9295704295704296,0.0053882901899788916,0.11456396640280975
0.0,Cornets,ship,4.303031276841262,0.9625374625374625,0.0058326852571936455,0.20297491483605734
0.0,Cornets,truck,4.1389380630668,0.9455544455544456,0.005610487723586268,0.1451670751082324
0.01,Cornets,airplane,0.683672817226615,0.2712287712287712,0.09804466170425508,0.5219779110483266
0.01,Cornets,automobile,1.6549819941541846,0.476023976023976,0.04316187090323297,0.23015428741278215
0.01,Cornets,bird,0.17930906815517256,0.16433566433566432,0.12381957560271081,0.8259476979637287
0.01,Cornets,cat,-0.8095275583242283,0.028471528471528472,0.13692923008554606,3.365137269879727
0.01,Cornets,deer,0.14717013150697333,0.11838161838161838,0.09171203199644484,0.8311468049608196
0.01,Cornets,dog,0.09820654301604947,0.15234765234765235,0.13037440284412843,0.8997637244400497
0.01,Cornets,frog,0.5943671538887441,0.16333666333666333,0.05760471058771248,0.46784734847777293
0.01,Cornets,horse,0.8226332373951286,0.22527472527472528,0.0573825130541051,0.38326104438197456
0.01,Cornets,ship,1.2525398920178117,0.3891108891108891,0.06249305632707477,0.3207190374474709
0.01,Cornets,truck,1.2815003839981163,0.35714285714285715,0.049716698144650594,0.2751917768730913
0.05,Cornets,airplane,-2.151918966842056,0.0004995004995004995,0.12737473614042885,117.4689879928372
0.05,Cornets,automobile,-1.8095586567365674,0.0004995004995004995,0.06927008110209977,75.01279503448278
0.05,Cornets,bird,-2.297873965552496,0.0004995004995004995,0.16037106988112432,137.24250522244515
0.05,Cornets,cat,-2.3468357504952064,0.0004995004995004995,0.17259193422953006,143.9069144119652
0.05,Cornets,deer,-2.055601512817637,0.0004995004995004995,0.10837684701699811,104.77769927655375
0.05,Cornets,dog,-2.3010603639730256,0.0004995004995004995,0.16114876124875013,137.6767131859915
0.05,Cornets,frog,-1.8260395117713184,0.0004995004995004995,0.07149205643817354,76.85612323728718
0.05,Cornets,horse,-1.77445471220683,0.0004995004995004995,0.06471503166314854,71.16811278025578
0.05,Cornets,ship,-1.9469060289175615,0.0004995004995004995,0.08949005666037108,91.07398912374998
0.05,Cornets,truck,-1.9295277780949625,0.0004995004995004995,0.08671258749027885,88.95819830633481
0.1,Cornets,airplane,-2.092955145326554,0.0004995004995004995,0.11548716809243417,109.64882462641529
0.1,Cornets,automobile,-1.7779622079380848,0.0004995004995004995,0.06515942673036329,71.54719594185057
0.1,Cornets,bird,-2.3424787294176546,0.0004995004995004995,0.17148094656149318,143.31489387877593
0.1,Cornets,cat,-2.3464008552656175,0.0004995004995004995,0.17248083546272636,143.84783497273506
0.1,Cornets,deer,-2.077984140100089,0.0004995004995004995,0.11259860015553827,107.68794318843469
0.1,Cornets,dog,-2.265908210200299,0.0004995004995004995,0.1527052549716698,132.88693892214866
0.1,Cornets,frog,-1.9413892712594618,0.0004995004995004995,0.08860126652594157,90.39988950203326
0.1,Cornets,horse,-1.7000064472260143,0.0004995004995004995,0.05582713031885346,63.394919625159254
0.1,Cornets,ship,-1.9584952715470987,0.0004995004995004995,0.09137873569603377,92.49734055092748
0.1,Cornets,truck,-1.9238790307166456,0.0004995004995004995,0.08582379735584934,88.27536667795039
0.2,Cornets,airplane,-1.9081156725559736,0.0004995004995004995,0.0833796244861682,86.38287621173004
0.2,Cornets,automobile,-1.5959432737708044,0.0004995004995004995,0.04505054993889568,53.4328274931649
0.2,Cornets,bird,-2.417124822769978,0.0004995004995004995,0.19114542828574602,153.3997584524148
0.2,Cornets,cat,-2.3743075479726725,0.0004995004995004995,0.1797022553049661,147.63188699542687
0.2,Cornets,deer,-2.17556972556323,0.0004995004995004995,0.1323741806465948,120.6423369691934
0.2,Cornets,dog,-2.019570058143472,0.0004995004995004995,0.10182201977558049,100.15165021599051
0.2,Cornets,frog,-2.2757467291737674,0.0004995004995004995,0.15503832907454726,134.22718575678172
0.2,Cornets,horse,-1.4107811771709238,0.0004995004995004995,0.030052216420397734,38.37699191553145
0.2,Cornets,ship,-2.0866541865779857,0.0004995004995004995,0.1142650816575936,108.8221919229356
0.2,Cornets,truck,-1.8770294384137187,0.0004995004995004995,0.0787134762804133,82.70860042922115
0.3,Cornets,airplane,-1.7566309166542298,0.0004995004995004995,0.06249305632707477,69.25939823367533
0.3,Cornets,automobile,-1.2265753147645024,0.0004995004995004995,0.01949783357404733,26.687098947205826
0.3,Cornets,bird,-2.3433515723895324,0.0004995004995004995,0.17170314409510054,143.4335161757375
0.3,Cornets,cat,-2.3869494225133083,0.0004995004995004995,0.18303521830907676,149.3404053164639
0.3,Cornets,deer,-2.2240459288740393,0.0004995004995004995,0.14303966225974893,127.19455176822393
0.3,Cornets,dog,-1.641033106216617,0.0004995004995004995,0.04949450061104322,57.617706255134756
0.3,Cornets,frog,-2.69112385718553,0.0004995004995004995,0.2743584046217087,187.70994109063207
0.3,Cornets,horse,-1.0459152748405995,0.0004995004995004995,0.012387512498611265,18.082360274997885
0.3,Cornets,ship,-2.183830112285859,0.0004995004995004995,0.13415176091545383,121.75471124956037
0.3,Cornets,truck,-1.7475332146007116,0.0004995004995004995,0.061382068659037885,68.29659973168293
0.0,Human,airplane,3.0811322639025267,0.6707317073170732,0.004155124653739612,0.03387665021776222
0.0,Human,automobile,2.215354899600443,0.45121951219512196,0.009695290858725761,0.06551614103408271
0.0,Human,bird,1.9661887407242404,0.573170731707317,0.037396121883656507,0.20798677624218748
0.0,Human,cat,3.1508823169517868,0.9285714285714286,0.045931758530183726,0.7066283380478309
0.0,Human,deer,2.923774582125283,0.8658536585365854,0.03462603878116344,0.35430327659075583
0.0,Human,dog,2.9599796580115676,0.8278688524590164,0.021994134897360705,0.2057159692210819
0.0,Human,frog,1.5372280270625378,0.45121951219512196,0.04847645429362881,0.2541146559592662
0.0,Human,horse,3.097292840909505,0.8414634146341463,0.018005540166204988,0.18308600445722376
0.0,Human,ship,3.0384774100817182,0.8414634146341463,0.02077562326869806,0.20675834897226333
0.0,Human,truck,3.3740980055571805,0.9634146341463414,0.05678670360110803,1.423786159638253
0.05,Human,airplane,3.15370145742018,0.7926829268292683,0.009695290858725761,0.09069664430097293
0.05,Human,automobile,2.9422542080619714,0.8170731707317073,0.02077562326869806,0.1886530782387618
0.05,Human,bird,2.1906951264807994,0.6707317073170732,0.04016620498614958,0.2389672524638741
0.05,Human,cat,1.422643880433495,0.4268292682926829,0.054016620498614956,0.27960764226897034
0.05,Human,deer,2.718712907608107,0.7682926829268293,0.023545706371191136,0.18227434278292975
0.05,Human,dog,0.7734866727185121,0.4024390243902439,0.15373961218836565,0.6124902938802071
0.05,Human,frog,2.399944270078499,0.47560975609756095,0.006925207756232687,0.048476127101471526
0.05,Human,horse,2.605848997237167,0.6707317073170732,0.015235457063711912,0.10607489733191908
0.05,Human,ship,3.746200618055456,0.8658536585365854,0.004155124653739612,0.05670149736182919
0.05,Human,truck,3.6861657296215435,0.9634146341463414,0.029085872576177285,0.8276468034995872
0.1,Human,airplane,1.0812097808230265,0.18292682926829268,0.023545706371191136,0.20967218506057692
0.1,Human,automobile,2.671167294038341,0.7682926829268293,0.02631578947368421,0.20009322150442801
0.1,Human,bird,1.4959969844678505,0.32926829268292684,0.02631578947368421,0.16861517904016604
0.1,Human,cat,1.3288852443024655,0.4268292682926829,0.06509695290858726,0.3236527432034452
0.1,Human,deer,2.222439301557146,0.573170731707317,0.02077562326869806,0.12749426712939743
0.1,Human,dog,1.4631653156179394,0.5487804878048781,0.09002770083102493,0.4102164501979125
0.1,Human,frog,1.6343308875509948,0.6219512195121951,0.09279778393351801,0.43697462709708257
0.1,Human,horse,2.905386292939543,0.9146341463414634,0.062326869806094184,0.7860990185131201
0.1,Human,ship,2.836581451352569,0.6463414634146342,0.006925207756232687,0.05191906205548208
0.1,Human,truck,2.8607117874993366,0.8902439024390244,0.05124653739612189,0.5602462236289313
0.2,Human,airplane,1.5275652217991842,0.3048780487804878,0.02077562326869806,0.14278288299955866
0.2,Human,automobile,2.7210390451869433,0.8170731707317073,0.03462603878116344,0.2889562479537399
0.2,Human,bird,1.4973296322562324,0.47560975609756095,0.05955678670360111,0.29742363693105056
0.2,Human,cat,1.5950028526328328,0.45121951219512196,0.04293628808864266,0.2304932166948492
0.2,Human,deer,1.9020361336163782,0.573170731707317,0.04293628808864266,0.23269294514802524
0.2,Human,dog,1.9704182963335959,0.6219512195121951,0.04847645429362881,0.26467737792405394
0.2,Human,frog,2.753697224783763,0.7926829268292683,0.02631578947368421,0.2133006896297258
0.2,Human,horse,2.6602994165706555,0.8414634146341463,0.04847645429362881,0.41603242455871553
0.2,Human,ship,2.474523896234444,0.6219512195121951,0.015235457063711912,0.10096071370649408
0.2,Human,truck,2.698888676395785,0.8902439024390244,0.07063711911357341,0.7201947261481353
0.3,Human,airplane,2.092345729011753,0.6219512195121951,0.037396121883656507,0.2145842121407453
0.3,Human,automobile,2.549824947477455,0.7439024390243902,0.029085872576177285,0.20605988952835275
0.3,Human,bird,1.9612975979391067,0.6951219512195121,0.07340720221606649,0.397621237198382
0.3,Human,cat,1.2460575895576995,0.32926829268292684,0.045706371191135735,0.2652703912279805
0.3,Human,deer,1.1209547124762662,0.23170731707317074,0.03185595567867036,0.23452482334193453
0.3,Human,dog,1.3282951113870856,0.45121951219512196,0.07340720221606649,0.3516891862168959
0.3,Human,frog,1.9434949515703197,0.6219512195121951,0.05124653739612189,0.27667314174134555
0.3,Human,horse,2.6333760718073793,0.8414634146341463,0.05124653739612189,0.4348879336486293
0.3,Human,ship,2.4269265290642252,0.573170731707317,0.012465373961218837,0.08230415588433147
0.3,Human,truck,2.887635132262613,0.8902439024390244,0.04847645429362881,0.5359555341319902
0.0,Rhan-adv,average,3.4146492287892576,0.8828,0.01302222222222222,1.0
0.01,Rhan-adv,average,2.9010126043746274,0.8086,0.02126666666666667,1.0
0.05,Rhan-adv,average,1.2287671621078693,0.3945,0.06727777777777777,1.0
0.1,Rhan-adv,average,-0.1798210669900593,0.0742,0.10286666666666666,1.0
0.2,Rhan-adv,average,-1.6563472228146163,0.002,0.11088888888888888,1.0
0.3,Rhan-adv,average,-3.0442504450754746,1e-05,0.1111111111111111,1.0
