reference_id,short_name,full_title,authors,year,venue,doi_or_arxiv,where_cited_in_repo,project_component_referencing_it,why_used,implementation_status,metadata_needs_verification
[1],Goodfellow FGM,Explaining and Harnessing Adversarial Examples,Ian J. Goodfellow; Jonathon Shlens; Christian Szegedy,2015,ICLR,arXiv:1412.6572,docs/research/RHAN_NOESIS_LITERATURE_CORPUS.md [1],phase2_attacks PGD eval stack (linear-hypothesis basis),theoretical context for PGD protocol,Not implemented,NO
[2],Madry PGD,Towards Deep Learning Models Resistant to Adversarial Attacks,Aleksander Makelov; Ludwig Schmidt; Dimitris Tsipras; Adrian Vladu; Aleksander Madry,2018,ICLR,arXiv:1706.06083,corpus [2] + phase2_attacks/pgd.py,PGD attack/eval backbone of all epsilon sweeps,attack protocol followed,Not directly implemented (protocol followed),NO
[3],Carlini-Wagner,Towards Evaluating the Robustness of Neural Networks,Nicholas Carlini; David Wagner,2017,IEEE S&P,DOI 10.1109/SP.2017.49,corpus [3],eval methodology context,strong-attack reference context,Not implemented,NO
[4],TRADES,Theoretically Principled Trade-off between Robustness and Accuracy,Hongyang Zhang; Yaodong Yu; Jiantao Jiao; Eric Xing; Laurent El Ghaoui; Michael I. Jordan,2019,ICML,arXiv:1901.08573,corpus [4] + phase1_training trainer,trades loss weight 0.55 (baseline + all runs),THE actual training objective of the backbone,Directly implemented (adapted),NO
[5],AutoAttack,Reliable evaluation of adversarial robustness with an ensemble of diverse parameter-free attacks,Francesco Croce; Matthias Hein,2020,ICML,arXiv:2003.01690,corpus [5] + roadmap masking borderline tier,gold-standard eval RHAN claims must eventually survive,evaluation standard flag,Not implemented,NO
[6],Szegedy intriguiging,Intriguing properties of neural networks,Christian Szegedy; Wojciech Zaremba; Ilya Sutskever; Joan Bruna; Dumitru Erhan; Ian Goodfellow; Rob Fergus,2014,ICLR,arXiv:1312.6199,corpus [6],origin of adversarial phenomenon,context,Not implemented,NO
[8],Athalye obfuscated gradients,Obfuscated Gradients Give a False Sense of Security,Anish Athalye; Nicholas Carlini; David Wagner,2018,ICML,arXiv:1802.00420,corpus [8],masking checks (PGD-50 vs 100 gap),cautionary methodology for gradient-masking defenses,Not implemented (motivates masking_check),NO
[20],Defense-GAN,Defense-GAN: Protecting Classifiers Against Adversarial Examples Using Generative Models,Pouya Samangouei; Maya Kabkab; Rama Chellappa,2018,ICLR workshop,arXiv:1805.06605,corpus [20],closest published analogue to E1 recon-mod hypothesis,literature predicted benefit NOT observed (E1 negative),Not implemented,NO
[21],Free-AT,Adversarial Training for Free!,Ali Shafahi; W. Ronny Huang; Christoph Studer; Soheil Feizi; Tom Goldstein,2019,NeurIPS,arXiv:1904.12843,corpus [21],compute budget option,noted for constrained budgets,Not implemented,NO
[27],ImageNet-C,Benchmarking Neural Network Robustness to Common Corruptions and Perturbations,Dan Hendrycks; Thomas Dietterich,2019,ICLR,arXiv:1903.12261,corpus [27] + cluster c7,OOD-vs-adversarial evaluation direction,future eval axis,Not implemented,NO
[33],Rao & Ballard,Predictive coding in the visual cortex: a functional interpretation of some extra-classical receptive-field effects,Rao; Ballard,1999,Nature Neuroscience (per corpus entry [33]; verify exact venue),arXiv n/a (see corpus),corpus [33] + model_rhan_v12.py header citation,HPC stack (rhan_core/predictive_coding/),biological inspiration for edge-map prediction error,Adapted (differs materially),YES - verify venue vs corpus entry
[35],PredNet,Deep Predictive Coding Networks for Video Prediction and Unsupervised Learning,Lotter; Kreiman; Cox,2016,ICLR (per corpus),arXiv:1605.08104 (see corpus),corpus [35] + NOESIS_FOUNDATION bibliography,predictive coding lineage,context,Not implemented,YES - verify
[38],Friston epistemic value,Active inference and epistemic value,Friston; Lin; Perrinet; etc (see corpus),2015 (see corpus),Cerebral Cortex (see corpus),see corpus DOI,corpus [38] + NOESIS_FOUNDATION.md + model_rhan_v12.py header (Friston 2010 free-energy),active-inference framing of gaze/belief,conceptual frame only,Not implemented (active-inference claim = inspiration only),YES - exact year/venue per corpus
[40ff],Slot Attention,Object-Centric Learning with Slot Attention (Locatello et al. 2020),Francesco Locatello; Dirk Weissenborn; Thomas Unterthiner; et al,2020,NeurIPS,arXiv:2006.15063 (see corpus entry),corpus object-centric part + rhan_core/beliefs/structured_belief.py docstring,SBR slot attention machinery,the direct mechanism SBR instantiates,Directly implemented (adapted),YES - verify exact corpus entry number
[91],FixMatch,FixMatch: Simplifying Semi-Supervised Learning with Consistency and Confidence,Sohn; Berthelot; Li; et al,2020,NeurIPS,arXiv:2001.07685,corpus [91],pseudo-labeling pipeline (conf threshold),could add consistency term; currently ad hoc threshold,Not implemented (could adopt),NO
[96],Uesato label-free,Are Labels Required for Improving Adversarial Robustness?,Jonathan Uesato; et al,2019,NeurIPS,arXiv:1905.13725,corpus [96],pseudo-label + TRADES pipeline,legitimizes label-free robustness training,Directly implemented (adapted),NO
[97],Carmon unlabeled,Unlabeled Data Improves Adversarial Robustness,Yair Carmon; Aditi Raghunathan; Ludwig Schmidt; Percy Liang; John C. Duchi,2019,NeurIPS,arXiv:1905.13736,corpus [97],100K-image pseudo-label expansion,core justification for pseudo-label AT,Directly implemented (adapted),NO
[104],Fourier robustness,A Fourier Perspective on Model Robustness in Computer Vision,Dong Yin; et al,2019,NeurIPS,arXiv:1906.08988,corpus [104],frequency analysis frame,analytic frame for perturbation sensitivity claims,Directly implemented (adapted),NO
[108],Robust overfitting,Overfitting in adversarially robust deep learning,Leslie Rice; Eric Wong; J. Zico Kolter,2020,arXiv/ICLR (see corpus),arXiv:2002.11569,corpus [108],best-checkpoint (not last) selection policy,why best.pth not rolling.pth is evaluated,Directly implemented (adapted),NO
[115],Spatial attacks,Exploring the Landscape of Spatial Robustness,Engstrom; Tran; Tsipras; Schmidt; Madry,2019,ICML,arXiv:1712.02779,corpus [115],foveal STN sampling robustness eval,eval RHAN can run today,Directly implemented (adapted),NO
[181],DINO,Emerging Properties in Self-Supervised Vision Transformers,Caron; et al,2021,ICCV (see corpus),arXiv:2104.14294 (see corpus),corpus [181],attention-map interpretation (gaze maps; HPC error maps),interpretive frame,Directly implemented (adapted),YES - verify
[192],Medical threat,Adversarial attacks on medical machine learning,Finlayson; Bowers; Ito; Zittrain; Beam; Kohane,2019,Science,DOI 10.1126/science.aaw4399,corpus [192] medical part,clinical stakes case,future application motivation,Not implemented,NO
[202],World Models,World Models,Ha; Schmidhuber,2018 (see corpus),see corpus,arXiv:1803.10122 (see corpus),corpus [202] + NOESIS_FOUNDATION Pillar 4,IWM direction,template for future belief world model,Not implemented (scaffold only),YES - verify
[245],DreamerV3,Mastering Diverse Domains through World Models,Hafner; et al,2023 (see corpus),see corpus,see corpus,corpus [245] + NOESIS_FOUNDATION,IWM scalability target,future direction,Not implemented,YES - verify
[252],PC robustness bounds,Tight Stability; Convergence; and Robustness Bounds for Predictive Coding Networks,Mali; et al (see corpus),2023 (see corpus),see corpus,see corpus,corpus [252],HPC theoretical backing,lets HPC robustness be claimed as mechanism not accident,Not implemented (theory only),YES - verify
INFORMAL_v12_header,Friston 2010,The free-energy principle: a unified brain theory?,Karl Friston,2010,Nature Reviews Neuroscience (verify),DOI (verify),phase1_training/model_rhan_v12.py References header,active-inference framing,informal code-header citation,informal,YES
INFORMAL_v12_header_Rao,Rao & Ballard 1999 (duplicate of [33]),Predictive coding in visual cortex,Rao; Ballard,1999,(same as [33]),(same as [33]),phase1_training/model_rhan_v12.py References header,HPC,informal code-header citation (dedupe with [33]),informal,YES
INFORMAL_v12_header_Itti,Itti & Koch saliency,Saliency-based visual attention,Itti; Koch,2001 (verify),(verify),(verify),phase1_training/model_rhan_v12.py References header,gaze/attention,informal code-header citation,informal,YES
INFORMAL_NOESIS_bib_Ha,Ha & Schmidhuber (duplicate of [202]),World Models,Ha; Schmidhuber,2018,(same as [202]),(same as [202]),docs/NOESIS_FOUNDATION.md bibliography,Pillar 4,informal (dedupe with [202]),informal,YES
INFORMAL_NOESIS_bib_Hafner,Dreamer (duplicate of [245]-family),Mastering Atari with discrete world models,Hafner; et al,2020,(see corpus),arXiv:1912.01603 (verify),docs/NOESIS_FOUNDATION.md bibliography,Pillar 4,informal (dedupe with corpus world-models part),informal,YES
INFORMAL_NOESIS_bib_ICM,Curiosity-driven exploration by self-supervised prediction,Pathak; Agrawal; Efros; Darrell,2017,ICML (verify),arXiv:1705.05363 (verify),docs/NOESIS_FOUNDATION.md bibliography,AIS information-gain direction,informal,information-gain direction for AIS (informal NOESIS bibliography mention only),informal,YES
INFORMAL_NOESIS_bib_Lake,Human-level concept learning through probabilistic program induction,Lake; Salakhutdinov; Tenenbaum,2015,Science (verify),DOI (verify),docs/NOESIS_FOUNDATION.md + corpus [Lake entry],structured-belief + active-inference direction,human-like-learning target,human-like-learning target for the structured-belief + active-inference direction,informal,YES
NOTE,Corpus_is_authoritative,RHAN_NOESIS_LITERATURE_CORPUS.md (251 papers; each with verification source),(the corpus itself),2026,repo doc,n/a,docs/research/RHAN_NOESIS_LITERATURE_CORPUS.md,entire project,authoritative deduplicated reference database with per-paper verification provenance,n/a,n/a
