experiment_id,generation,run_label,ckpt_label,config_summary,intervention_from_control,control,dataset,train_protocol,eps_schedule,attack_eval,epochs,optimizer,seeds,checkpoint_artifact,eval_protocol,clean_acc_mean,clean_acc_std,pgd50_acc_mean,pgd50_acc_std,pgd100_acc_mean,pgd100_acc_std,dprime_clean,dprime_pgd100,other_metrics,statistical_verdict,lens_results,conclusion,status,limitations,provenance_source,provenance_file,donor_or_fresh
A_baseline,0,trades_large_baseline,trades_large_baseline,RHANLargeSTL10 55.6M params; TRADES w=0.55; pseudo-label pretrain 100K@conf0.65,none (reference),n/a,STL-10 (5K labeled+~46K pseudo),TRADES training,adversarial eval only at eval time,PGD-50/PGD-100 norm-space n=300/seed,UNKNOWN for original training,UNKNOWN (predates record),41-56 (eval),checkpoints/rhan_stl10_large_pseudolabel_best.pth sha256:37a4eee0...,16-seed matched eval_rhan.py,54.81,2.35,23.71 (8-seed session) / 20.4 (5-seed session),2.35ish-3.47 (session dependent),24.23,1.94,1.7497,0.6407,masking gap 0.13pp GENUINE,reference floor,baseline for all crossover tests,reference,FINAL,cross-session adv number moved 20.4->23.71 (nondeterminism caveat),roadmap stage1/2/4 verdicts,e1_verdict in docs/rhan_next_roadmap.json,DONOR (reused in all ladder sweeps)
B_stage1,0,AIS-v1 (halting-only variant),rhan_next_ais_v1_halting_only,RHANNext[AIS(halting-only)]; Eq.II relocated; step_net identity-init; halting u=1-pi_d thr0.35 soft8.0; recon-mod OFF,relocate Eq.II into pillar interface + entropy-gated soft halting; disable recon-mod per isolation verdict 2026-08-07,baseline A,STL-10,60-epoch curriculum from baseline ckpt (1-20@0.031 21-40@0.062 41-60@0.094),0.031->0.062->0.094,PGD-50 (main) + PGD-100 (masking),60,SGD UNKNOWN details,41-48 (8-seed merged; clean n=5),checkpoints/rhan_next_ais_v1_halting_only_best.pth sha256:19582ff4... (epoch-60 final; peak-val 54.05 weights LOST),8-seed matched eval_rhan.py,49.4,3.47,32.21,2.74,32.17 (PGD-100 8-seed ext),UNKNOWN,1.8348,1.0075 (PGD-50),gaze telemetry healthy; masking gap 0.04pp GENUINE,+8.5pp vs A at 0.094; threshold_2sig 8.84 -> positive but NOT significant,gaze-perturbation Pearson r=0.207 p=0.024 (small; interpretive dispute recorded),replication-under-refactor control; mechanism preserved; below significance at n=8,FINAL (no third extension),evaluated artifact is epoch-final NOT peak-val; smoke Pi_D reordering attributed to recon-mod,roadmap stage1_verdict,sweep_stage1_ais_v1_halting_only_merged/epsilon_sweep_per_seed.csv,FRESH (stage1 sessions)
B_isolation_smoke,0,AIS-v1 full (smoke diagnostics),rhan_next_ais_v1_smoke,full AIS-v1 incl recon-mod,full mechanism stack,baseline A,STL-10,15-epoch smoke phase-1 eps0.031,0.031 only,none (health gate only),15,SGD,UNVERIFIED,report/rhan_next_ais_v1_smoke_health.json,health gate telemetry,UNVERIFIED,UNVERIFIED,NOT RUN,NOT RUN,NOT RUN,NOT RUN,UNVERIFIED,UNVERIFIED,Pi_D top-2 = car/airplane (gate FIRED: reference car/truck not met),health gate FAILURE (pre-registered diagnostic),car/airplane vs car/truck,smoke failed Pi_D criterion -> triggered pre-registered mechanism isolation,COMPLETE (diagnostic),not a publishable run; forced override disallowed,roadmap stages['1'].execution_plan.health_gate,rhan_next_ais_v1_smoke_health.json,FRESH (diagnostic)
B_isolation_isoA,0,isoA (halting OFF),rhan_next_ais_v1_isoA_nohalt,AIS with --no-ais-halting (cont=1 fixed-T); recon-mod ON,ablate halting only,smoke config,STL-10,12->14 epochs phase-1 (recapture),0.031,none,14,SGD,UNVERIFIED,HF rolling ckpt,Pi_D per-class top-2,UNVERIFIED,UNVERIFIED,NOT RUN,NOT RUN,NOT RUN,NOT RUN,UNVERIFIED,UNVERIFIED,top2 car/airplane (epoch14: airplane 0.4069 vs truck 0.4067 margin 0.0002),sufficiency branch 1: RECON_MOD_SUFFICIENT (boundary-level),car/airplane reproduced,recon-mod sufficient alone (halting OFF still reorders); boundary caveat recorded,COMPLETE (recapture),telemetry lost once (2026-08-07); margins within noise,roadmap isolation_verdict.sufficiency_test,isolation verdict JSON,FRESH (diagnostic)
B_isolation_isoB,0,isoB (recon-mod OFF),rhan_next_ais_v1_isoB_noreconmod,AIS with --no-ais-precision-recon (w_recon flat); halting ON,ablate recon-mod only,smoke config,STL-10,12 epochs phase-1,0.031,none,12,SGD,UNVERIFIED,HF rolling ckpt,Pi_D per-class top-2,UNVERIFIED,UNVERIFIED,NOT RUN,NOT RUN,NOT RUN,NOT RUN,UNVERIFIED,UNVERIFIED,top2 car/truck restored (car 0.5149 truck 0.4842),branch 2 fired: recon-mod CONFIRMED driver; halting exonerated,car/truck restored,attributed Pi_D reordering to recon-mod -> Step B trains halting-only,COMPLETE,necessary limb clean; sufficiency from isoA boundary-level,roadmap isolation_verdict.arms,isolation verdict JSON,FRESH (diagnostic)
C_stage2,0,C_hpc_only,rhan_next_hpc_only,RHANNext[HPC(L=1)]; enable_ais=False; w_hpc=0.10 separate slot; edge-map target at foveal tap,add single HPC edge-map loss; no AIS,base = B ckpt,STL-10,60-epoch curriculum from B,0.031->0.062->0.094,PGD-50 + PGD-100 masking,60,SGD two-group (backbone 0.003 / hpc 0.02 = x6.67) + per-group clip (starvation fix 2026-08-13),41-45 (5-seed),checkpoints/rhan_next_hpc_only_best.pth sha256:5b7dce1e...,5-seed 3-way eval_rhan.py --ablation-matrix,55.2,3.67,27.73,2.28,27.4 (PGD-100),UNKNOWN,1.7775,0.6147,masking gap 0.33pp GENUINE; hpc_error trend >=10% decline (gate),vs A +7.33 (2sig 5.16) CROSSOVER REAL; C-vs-B -4.8 (2sig 5.99) at-or-below-B,UNVERIFIED,HPC adds robustness over baseline alone but not over AIS at n=5,FINAL (not borderline -> no extension),optimizer starvation incident + gate amendment (pi_d envelope) both recorded,roadmap stage2_verdict,sweep_stage2_hpc_only/epsilon_sweep_per_seed.csv (HF),FRESH (stage2 session)
D_stage3,0,D_ais_plus_hpc,rhan_next_ais_hpc,RHANNext[AIS(halting-only)+HPC(L=1)]; w_trades0.55 w_recon0.1 w_hpc0.1; T=4,combine validated B + C,base = B ckpt,STL-10,60-epoch curriculum from B,0.031->0.062->0.094,PGD-100 (stage3) + 16-seed PGD-100 later,60,SGD multi-group,41-48 (stage3) / 41-56 (stage4 re-eval),checkpoints/rhan_next_ais_hpc_best.pth,8-seed stage3 + 16-seed stage4 matched evals,54.25 (8-seed) / 54.96 (16-seed),3.10 / 2.37,UNKNOWN (not re-evaluated PGD-50 in stage3 CSV),UNKNOWN,34.38 (8-seed) / 34.02 (16-seed),1.94 / 3.24,1.7931 (16-seed),1.0801 (16-seed),masking inherited from B/C legs,stage3: D-vs-A +11.55 (2sig 7.95) CROSSOVER REAL; D-vs-B +1.38 n.s. (B n=2 donor); 16-seed: +9.79 (2sig 7.55) CROSSOVER REAL,UNVERIFIED,the headline config; robustness gain is the project's primary positive result,FINAL,8-seed and 16-seed figures must not be mixed unlabeled,roadmap stage3_verdict + e1_verdict,sweep_stage3_d_ais_hpc_pgd100/epsilon_sweep_per_seed.csv (HF; reconstructed 2026-09-11),FRESH (stage3) + DONOR rows (stage4 CSVs)
E1,1,E1_ais_hpc_recon,rhan_next_ais_hpc_recon,D + recon-mod ON (ais_precision_recon_enabled=True),enable precision-modulated recon weight,D (frozen lineage),STL-10,60-epoch curriculum from B (same as D),0.031->0.062->0.094,PGD-100,60,SGD multi-group,41-56 (16),E1 ckpt (HF),16-seed matched eval_rhan.py,58.06,2.38,UNKNOWN,UNKNOWN,33.12,2.64,UNVERIFIED (clean dprime not in verdict),1.0623,paired: clean +3.10 (E1 wins 16/16 seeds); adv -0.90 (D wins 10/6); E1-vs-A +8.89 (2sig 6.55) CROSSOVER REAL,UNVERIFIED,UNVERIFIED (no belief-drift metric recorded for E1; recon error only in diag jsonl),clean-only lever; robustness-neutral; motivates belief-HPC per Lens dilution finding,FINAL,negative robustness result reported honestly,roadmap e1_verdict,sweep_stage4_e1_d_e1_pgd100/epsilon_sweep_per_seed.csv (HF),FRESH (stage4 E1 session)
E2,1,E2_ais_hpc_sbr (legacy wiring),rhan_nx_sbr_e2_legacy (label from verdict; ckpt on HF),D + SBR legacy N=1 wiring (16x512 slots iters3); Gate-0 clean-only on frozen D then joint fine-tune,add SBR slots over single pooled vector,D,STL-10,Gate-0 (frozen backbone clean) + 60-epoch curriculum,0.031->0.062->0.094,PGD-100,60+gate,SGD multi-group,41-56 (16),E2 ckpt (HF),16-seed matched eval_rhan.py,45.06,3.30,UNKNOWN,UNKNOWN,33.42,2.93,UNVERIFIED,UNVERIFIED,E2-vs-A +9.19 (2sig 7.03) CROSSOVER REAL; E2-vs-D -0.60 n.s.,UNVERIFIED,UNVERIFIED (no Lens artifact found for E2 in repo),clean -9.90 vs D; adv-neutral; SBR does not improve D in Gen-0 form,FINAL (negative result),wiring (N=1) incapable of slot-metric semantics; superseded by spatial binding,roadmap e2_verdict,sweep_stage4_e2_d_sbr_pgd100/epsilon_sweep_per_seed.csv (HF; reconstructed 2026-09-11),FRESH (stage4 E2 session)
E2b,1,E2b (gate-collapsed variant),UNKNOWN,SBR variant that hit collapse (referenced only),UNVERIFIED,UNVERIFIED,STL-10,UNVERIFIED,UNVERIFIED,UNVERIFIED,UNVERIFIED,UNVERIFIED,UNVERIFIED,NOT FOUND,NOT FOUND,NOT FOUND,NOT FOUND,NOT FOUND,NOT FOUND,NOT FOUND,NOT FOUND,NOT FOUND,NOT FOUND,mentioned as 'collapse failure mode discovered at massive compute cost',UNVERIFIED,UNVERIFIED,UNVERIFIED,NOT FOUND,no artifacts in repo,roadmap sbr1 gate text reference only,NOT FOUND,NOT FOUND
E3,1,E3_ais_hpc_t6,rhan_next_ais_hpc_t6,D with max_foraging_steps=6 (T=6 vs D T=4),increase foraging depth,D,STL-10,60-epoch curriculum from B,0.031->0.062->0.094,PGD-100,60,SGD multi-group,41-56 (16),E3 ckpt (HF),16-seed matched eval_rhan.py,57.25,2.54,UNKNOWN,UNKNOWN,30.77,2.98,1.9606 (clean),0.8752,paired: adv -3.25 (D wins 13/2/1); clean +2.29 (E3 wins 14/2); all n.s. at 2sig,UNVERIFIED,UNVERIFIED (Lens planned; no artifact found in repo),T=6 does NOT beat D on robustness; deferred,FINAL (deferred),D+baseline rows are DONOR (cross-session caveat),roadmap e3_verdict,sweep_stage4 (HF),FRESH (E3) + DONOR comparators
NX_gen0,2,gen0 (multi-group optimizer),n/a (infrastructure),OptimizerGroupRegistry; per-group lr+clip; measure_group_dw.py pre-flight,infrastructure only,n/a,n/a,n/a,n/a,tests only,n/a,n/a,n/a,tests/test_multi_group_optimizer.py,unit tests + |dW| pre-flight,n/a,n/a,n/a,n/a,n/a,n/a,n/a,n/a,tests pass; SBR slot group in learnable regime,gate passed,UNVERIFIED,enables per-mechanism optimizer groups (hpc x6.67 etc),GATE PASSED,UNVERIFIED,roadmap rhan_nx.stages.gen0,test artifacts,FRESH (tests)
NX_sbr0,2,SBR-0 structural gate,rhan_nx_sbr0,"RHANNext[AIS+HPC+SBR gate_only] 16x512 slots iters3; spatial binding over stem (B,144,768); backbone FROZEN outside structured_belief.*",slot-attention machinery trained clean-only on frozen D; 4-criterion structural gate,D (frozen),STL-10 clean only,clean-only; gate checked every 5 epochs from 10; 40 ceiling (60 ceiling field),0.0 only,none (structural),<=40 per spec (verdict at gate),SGD multi-group (slot group),n/a (512-sample gate),checkpoints/rhan_nx_sbr0_best.pth,structural gate (occupancy entropy; cosine trend; per-slot probes; ablation),UNVERIFIED (not the gate's metric),UNVERIFIED,NOT RUN,NOT RUN,NOT RUN,NOT RUN,n/a,n/a,entropy 0.9839>=0.6; cosine slope -0.00179 declining; probes 16/16 above 25% floor; ablation retained 101.6%,ALL FOUR PASSED,UNVERIFIED,slot machinery structurally healthy; specialization unproven (probes ~0.50 uniform),GATE PASSED (2026-09-11T03:09Z),probe near-uniformity is our observation not the gate's,report/sbr0_gate_verdict.json + roadmap,sbr0_gate_verdict.json,FRESH (gate session)
NX_sbr1,2,SBR-1 structured clean classifier,rhan_nx_sbr1,same as sbr0; freeze OFF; sbr_stage=clean_classifier,joint fine-tune clean-only from sbr0,sbr0,STL-10 clean only,clean-only 40-epoch ceiling; convergence pattern,0.0 only,none (gate),<=40,SGD multi-group,n/a (completion marker),checkpoints/rhan_nx_sbr1_best.pth,collapse-detector gate vs D reference,62.49 (completion marker; not full eval protocol),UNVERIFIED,NOT RUN,NOT RUN,NOT RUN,NOT RUN,n/a,n/a,clean 62.4875 >= D-3pp floor 51.96,ONE-SIDED GATE PASSED after amendment (original symmetric band FAILED over-performance = formula artifact),UNVERIFIED,SBR slots preserved through clean fine-tune; clean gain real but unevaluated under matched protocol,COMPLETE (gate passed),clean number is completion-marker not 16-seed eval,roadmap sbr1 verdict + amendment 2026-09-11,roadmap + completion marker,FRESH (gate session)
NX_sbr2,2,SBR-2 adversarial curriculum,rhan_nx_sbr2,sbr_stage=adversarial_ramp; freeze OFF; standard 3-phase curriculum,full adversarial curriculum on SBR stack from sbr1,sbr1,STL-10,60-epoch standard curriculum,0.031->0.062->0.094,PGD-100 + PGD-50 masking,60,SGD multi-group,41-51 done (52-56 pending) n=11->16,checkpoints/rhan_nx_sbr2_best.pth,16-seed matched eval_rhan.py (in flight),62.42,2.45,UNKNOWN,UNKNOWN,23.33,2.50,2.19 (clean),0.58,belief_drift diagnostic DESIGNED (--belief-drift-every 10) but NO series found in artifacts,UNVERIFIED (n in flight),UNVERIFIED,clean +7.5 vs D; adv -10.7 vs D; SBR trades robustness for clean,IN PROGRESS (seeds 52-56 pending),matched-n comparison must wait for 16 seeds; roadmap masking_gate <=1.0pp citability,user per-seed CSV (sessions through 2026-09-15) + HF sweep_rhan_nx_sbr2_*,sweep_rhan_nx_sbr2_pgd100/epsilon_sweep_per_seed.csv (HF),FRESH (ladder session)
NX_sbr3,2,SBR-3 relational evidence,rhan_nx_sbr3,sbr_stage=relational; SlotRelationalLayer + EvidenceDecomposition (uncertainty_mode=False); own optimizer groups relational/evidence,fine-tune 20 epochs at fixed eps=0.094 from sbr2 (new heads integration),sbr2,STL-10,20-epoch fixed-eps fine-tune,0.094 fixed,PGD-100 + PGD-50,20,SGD multi-group,41-56 (16),checkpoints/rhan_nx_sbr3_best.pth,16-seed matched eval_rhan.py,59.44,2.78,28.83,2.44,27.69,3.11,2.0446 (clean),0.8239,relation drift D(R_clean R_adv) DESIGNED; no artifact found in repo,vs A +3.46 (2sig 7.32) positive but NOT significant; vs D adv -6.3; vs sbr2 adv +4.4 (~41% recovery),UNVERIFIED,fixed-eps fine-tune recovers adv at -3.0 clean cost; significance vs baseline not reached,COMPLETE (2026-09-15),PGD-50 leg 28.83 < PGD-100 27.69 (gap -1.1pp = borderline under 1.0pp masking bar; within 1.5pp nondeterminism),Colab session log 2026-09-15 + HF sweep_rhan_nx_sbr3_pgd100 (96 cells),sweep_rhan_nx_sbr3_pgd100/epsilon_sweep_per_seed.csv (HF),FRESH (16-seed PGD-100; comparator cells DONOR)
NX_sbr4,2,SBR-4 uncertainty first-class,rhan_nx_sbr4,sbr_stage=uncertainty; evidence heads with uncertainty_mode=True; belief.uncertainty() = decomposition uncertainty; pooled EVIDENCE replaces classifier belief,fine-tune 20 epochs fixed eps=0.094 from sbr3; uncertainty becomes halting signal,sbr3,STL-10,20-epoch fixed-eps fine-tune,0.094 fixed,planned PGD-100 + PGD-50 16-seed,20,SGD multi-group,planned 41-56,checkpoints/rhan_nx_sbr4_best.pth (training),planned 16-seed matched eval,TRAINING,TRAINING,NOT RUN,NOT RUN,NOT RUN,NOT RUN,n/a,n/a,UNVERIFIED,UNVERIFIED,UNVERIFIED,IN PROGRESS (training launched 2026-09-15),UNVERIFIED,first rung where SBR uncertainty drives AIS halting; log uncertainty distributions per condition at eval,roadmap rhan_nx.stages.sbr4,training command in Colab log 2026-09-15,NOT YET
NX_ais_v2_D2,2,D2 AIS-v2 genuine EIG (swap test),rhan_nx_ais_v2,RHANNext[ais_variant=info_gain_v2 + HPC pixel]; candidate-based one-step-lookahead EIG K=4-8; candidate_head TD-trained; second foveal forward per candidate,swap gaze mechanism vs D (HPC fixed),base = rhan_next_ais_v1_halting_only_best.pth (AMENDMENT 2026-09-08),STL-10,planned smoke 15ep -> gate -> 60-epoch curriculum,planned standard,planned PGD-100+PGD-50 16-seed,planned 60,SGD multi-group (group ais_v2; pre-flight |dW| required),planned 41-56,NOT FOUND (not started),planned 16-seed matched eval,NOT RUN,NOT RUN,NOT RUN,NOT RUN,NOT RUN,NOT RUN,n/a,n/a,gate includes candidate-preference check (predicted-vs-observed surprise correlation > ~0),UNVERIFIED,planned Lens: repeat the exact gaze-perturbation correlation test,planned Lens: repeat exact gaze-perturbation correlation test,NOT STARTED,code complete in rhan_core/gaze/info_gain_policy_v2.py; zero training runs,roadmap rhan_nx.stages.ais_v2,code only,NOT STARTED
NX_hpc_belief_D3,2,D3 belief-level HPC (swap test),rhan_nx_hpc_belief,RHANNext[hpc_target=belief]; predict belief_{t+1} from belief_t delayed-by-one; fresh predictor (never pixel weights),swap HPC target vs D (AIS fixed),base = rhan_next_ais_v1_halting_only_best.pth (same amendment),STL-10,planned smoke -> gate -> 60-epoch curriculum,planned standard,planned PGD-100+PGD-50 16-seed,planned 60,SGD multi-group (hpc_belief.* under 'hpc' group; pre-flight |dW| required),planned 41-56,NOT FOUND (not started),planned 16-seed matched eval,NOT RUN,NOT RUN,NOT RUN,NOT RUN,NOT RUN,NOT RUN,n/a,n/a,gate: belief-prediction error declining >=10%; disable-reproduces-D backward-compat,UNVERIFIED,planned Lens: belief-drift comparison D3 vs D vs C,planned Lens: belief-drift comparison D3 vs D vs C,NOT STARTED,code complete in rhan_core/predictive_coding/hpc_belief_level.py; motivated by E1 Lens pixel-dilution finding,roadmap rhan_nx.stages.hpc_belief,code only,NOT STARTED
SDT_phase5,0,phase5 SDT 6-model comparison,external models (BagNet CORnet-S EffNet-B0 ResNet-18 Shape-ResNet-50 ViT-S + Human),signal-detection d' threshold curves per system,human-vs-machine divergence measurement,n/a,CIFAR-10 (pixelated),none (external pretrained),n/a,PGD eps in {0..0.30} SDT analysis,none,n/a,n/a,phase5_sdt/results/,SDT d'=1.0 threshold,n/a (dprime-threshold study),n/a,n/a,n/a,n/a,n/a,human 2.734; models 3.435-4.931,n/a (threshold-at-dprime=1.0 instead),thresholds: human >0.30; ResNet 0.0295; ViT 0.0264; ShapeResNet 0.0082; CORnet 0.0087; BagNet 0.0165; EffNet 0.0062,UNVERIFIED,UNVERIFIED,human threshold 10x best model; CORnet-S recurrence alone insufficient; Shape-ResNet negative result,COMPLETE (6/7; CLIP PENDING),CIFAR-10 vs RHAN's STL-10 = cross-dataset; no RHAN model scored yet,phase5_sdt/results/final_report_6model.txt,final_report_6model.txt,FRESH (phase5; 2026-05-17)
Human_phase3,0,phase3 human psychophysics,human participants,Google Forms 5 blocks x 20 images; class choice + confidence 1-10,n/a,n/a,CIFAR-10 classes (not STL-10!),n/a,eps in {0 0.05 0.10 0.20 0.30},PGD-generated stimuli,none,n/a,N participants UNVERIFIED,manifest.csv 100 stimuli + data/responses_mapped.csv,Google Forms protocol,UNVERIFIED,UNVERIFIED,NOT RUN,NOT RUN,NOT RUN,NOT RUN,UNVERIFIED,UNVERIFIED,UNVERIFIED,UNVERIFIED,UNVERIFIED,UNVERIFIED,PARTIAL (protocol + data exist; analysis pipeline status UNVERIFIED),participant N/exclusions not re-derived here; some image IDs repeat across eps blocks,phase3_human_study/,manifest.csv + form_structure.txt + data/responses_mapped.csv,FRESH (study data)
